Craft Type,ID,Rarity,Type,Name,EN name,Material,,,,,,,,,ผ้า/แปลน,ไม้/หิน/สี,,,,
,,,,,,Fine Fabric,Blueprint,Hardwood,Shiny Crystal,Paint Bucket,*room ใช้แต่ Hardwood / Shiny Crystal / Paint Bucket ,,,,30,60,,,,
ROOM,,Common,Room,ห้องลับถ้ำลึก,Deep Cave,-,-,10,15,5,,ผ้า/แปลน,ไม้/หิน/สี,ใช้เวลา x วัน,,,30,,,
,,Common,Room,สตูดิโอศิลปะ,Art Studio,-,-,8,7,15,Common,-,30,0.5,,,30,,,
,,Uncommon,Room,ห้องสวนซากุระ,Sakura Room,-,-,25,17,18,Uncommon,-,60,1,,,60,,,
,,Uncommon,Room,ห้องเทศกาล,Festival Room,-,-,15,25,20,Rare,-,180,3,,,60,,,
,,Rare,Room,ปราสาทท่านเคานต์,Count's Castle,-,-,62,56,62,Ultra Rare,-,720,12,,,#REF!,,,
,,Ultra Rare,Room,สวนนิรันดร์,Eternal Garden,-,-,240,240,240,,,,,,,180,,,
,,,,,,,,360,360,360,,,,,,,720,,,
,,,,,,Fine Fabric,Blueprint,Hardwood,Shiny Crystal,Paint Bucket,ทั้ง set ใช้เวลา 1 วัน,,,,,,,,,
DECOR,,Common,Small,,,-,3,2,2,2,*decor ใช้ blueprint เป็นตัวตั้ง + อีกของ 2 อย่าง,,,,แปลน,,,ไม้/หิน/สี,,
,,Common,Small,,,-,3,2,2,2,,แปลน,ไม้/หิน/สี,ใช้เวลา x วัน,small,big,window,small,big,window
,,Common,Big,,,-,4,3,3,3,Common,15,30,0.5,3,4.5,4.5,6,9,9
,,Common,Window,,,-,4,3,3,3,Uncommon,30,60,1,6,9,9,12,18,18
,,Common,Small,,,-,3,2,2,2,Rare,90,180,3,18,27,27,36,54,54
,,Common,Small,,,-,3,2,2,2,Ultra Rare,360,720,12,72,108,108,144,216,216
,,Common,Big,,,-,4,3,3,3,,,,,,,,,,
,,Common,Window,,,-,4,3,3,3,small 1,small 2,big,window,,,,,,
,,Uncommon,Small,,,-,6,4,4,4,20%,20%,30%,30%,,,,,,
,,Uncommon,Small,,,-,6,4,4,4,,,,,,,,,,
,,Uncommon,Big,,,-,9,6,6,6,,,,,,,,,,
,,Uncommon,Window,,,-,9,6,6,6,,,,,,,,,,
,,Uncommon,Small,,,-,6,4,4,4,,,,,,,,,,
,,Uncommon,Small,,,-,6,4,4,4,,,,,,,,,,
,,Uncommon,Big,,,-,9,6,6,6,,,,,,,,,,
,,Uncommon,Window,,,-,9,6,6,6,,,,,,,,,,
,,Rare,Small,,,-,18,12,12,12,,,,,,,,,,
,,Rare,Small,,,-,18,12,12,12,,,,,,,,,,
,,Rare,Big,,,-,27,18,18,18,,,,,,,,,,
,,Rare,Window,,,-,27,18,18,18,,,,,,,,,,
,,Rare,Small,,,-,18,12,12,12,,,,,,,,,,
,,Rare,Small,,,-,18,12,12,12,,,,,,,,,,
,,Rare,Big,,,-,27,18,18,18,,,,,,,,,,
,,Rare,Window,,,-,27,18,18,18,,,,,,,,,,
,,Ultra Rare,Small,,,-,72,48,48,48,,,,,,,,,,
,,Ultra Rare,Small,,,-,72,48,48,48,,,,,,,,,,
,,Ultra Rare,Big,,,-,108,72,72,72,,,,,,,,,,
,,Ultra Rare,Window,,,-,108,72,72,72,,,,,,,,,,
,,,,,,,628,420,420,420,,,,,,,,,,
,,,,,,Fine Fabric,Blueprint,Hardwood,Shiny Crystal,Paint Bucket,,,,,,,,,,
OUTFIT,,Common,Head,กิ๊บดอกไม้,Flower Hairpin,3,-,2,2,2,*fashion ใช้ fine fabric เป็นตัวตั้ง + อีกของ 2 อย่าง,,,,ผ้า,,,ไม้/หิน/สี,,
,,Common,Body,เสื้อแขนกุดชมพู,Pink Shirt,4,-,3,3,3,,ผ้า,ไม้/หิน/สี,ใช้เวลา x วัน,small,big,window,small,big,window
,,Common,Hand,ดอกทานตะวัน,Sunflower,3,-,2,2,2,Common,15,30,0.5,3,4.5,4.5,6,9,9
,,Common,Back,บรรยากาศดอกไม้,Floral Vibe,4,-,3,3,3,Uncommon,30,60,1,6,9,9,12,18,18
,,Common,Head,,,3,-,2,2,2,Rare,90,180,3,18,27,27,36,54,54
,,Common,Body,เสื้อเขียว-ขาว,Green-White Shirt,4,-,3,3,3,Ultra Rare,360,720,12,72,108,108,144,216,216
,,Common,Hand,แครอท,Carrot,3,-,2,2,2,,,,,,,,,,
,,Common,Back,บรรยากาศหมู่เมฆ,Cloud Vibe,4,-,3,3,3,head,body,hand,back,,,,,,
,,Uncommon,Head,แว่นคนฉลาด,Smart Glasses,6,-,4,4,4,20%,30%,20%,30%,,,,,,
,,Uncommon,Body,ชุดนักเรียน,School Uniform,9,-,6,6,6,,,,,,,,,,
,,Uncommon,Hand,100 คะแนน,100 Points,6,-,4,4,4,,,,,,,,,,
,,Uncommon,Back,บรรยากาศแห่งความรู้,Knowledge Vibe,9,-,6,6,6,,,,,,,,,,
,,Uncommon,Head,,,6,-,4,4,4,,,,,,,,,,
,,Uncommon,Body,เสื้อบอล,Football Jersey,9,-,6,6,6,,,,,,,,,,
,,Uncommon,Hand,ลูกฟุตบอล,Football,6,-,4,4,4,,,,,,,,,,
,,Uncommon,Back,ยอดกองหน้า,Striker Vibe,9,-,6,6,6,,,,,,,,,,
,,Rare,Head,ผมชาวร็อก,Rockstar Hair,18,-,12,12,12,,,,,,,,,,
,,Rare,Body,ชุดชาวร็อก,Rockstar Outfit,27,-,18,18,18,,,,,,,,,,
,,Rare,Hand,กีตาร์ไฟฟ้า,Electric Guitar,18,-,12,12,12,,,,,,,,,,
,,Rare,Back,บรรยากาศชาวร็อก,Rockstar Vibe,27,-,18,18,18,,,,,,,,,,
,,Rare,Head,หมวกนักเวทย์,Wizard Hat,18,-,12,12,12,,,,,,,,,,
,,Rare,Body,ชุดคลุมนักเวทย์,Wizard Robe,27,-,18,18,18,,,,,,,,,,
,,Rare,Hand,ไม้เท้าเวทมนตร์,Magic Staff,18,-,12,12,12,,,,,,,,,,
,,Rare,Back,หมอกพลังเวทย์,Mana Aura,27,-,18,18,18,,,,,,,,,,
,,Ultra Rare,Head,ผมสาวน้อยเวทย์มนต์,Magical Girl Hair,72,-,48,48,48,,,,,,,,,,
,,Ultra Rare,Body,ชุดสาวน้อยเวทย์มนต์,Magical Girl Dress,108,-,72,72,72,,,,,,,,,,
,,Ultra Rare,Hand,ไม้คฑาเวทย์มนต์,Magical Wand,72,-,48,48,48,,,,,,,,,,
,,Ultra Rare,Back,ปีกสาวน้อยเวทย์มนต์,Magical Girl Wing,108,-,72,72,72,,,,,,,,,,
,,,,,,628,,420,420,420,,,,,,,,,,