Key,English(en),Japanese(ja),Thai(th)
"decoration.321001.name","Picture Frame","フォトフレーム","กรอบรูป"
"decoration.321001.description","A picture frame holding an old photo that brings back fond memories.","懐かしい思い出が詰まった写真を飾ったフォトフレーム。","กรอบรูปที่มีรูปเก่าๆชวนให้คิดถึง"
"decoration.321002.name","Rubber Duck","ラバーダック","เป็ดเหลือง"
"decoration.321002.description","Wait, isn't this supposed to be in the bathroom?","あれ、これってお風呂場に置いてあるはずじゃ…？","ไม่ใช่ว่าต้องอยู่ในห้องน้ำหรอ?"
"decoration.321003.name","Fruit Bowl","フルーツボウル","ชามผลไม้"
"decoration.321003.description","Fresh, juicy fruits neatly arranged in a large bowl.","大きなボウルにきれいに盛られた、みずみずしい新鮮なフルーツ。","ผลไม้สดๆ ในชามใบโต"
"decoration.321004.name","Orange Juice","オレンジジュース","น้ำส้ม"
"decoration.321004.description","A refreshing glass of orange juice, packed with vitamin C.","ビタミンCがたっぷり詰まった、リフレッシュに最適なオレンジジュース。","น้ำส้มที่อุดมไปด้วยวิตามิน C"
"decoration.331001.name","Houseplant","観葉植物","ต้นไม้ตกแต่ง"
"decoration.331001.description","A splash of green to add a refreshing, natural vibe to the living room.","リビングに爽やかでナチュラルな雰囲気をプラスする観葉植物。","ต้นไม้สีเขียวช่วยเพิ่มความร่มรื่นในห้องนั่งเล่น"
"decoration.331002.name","Blue Chair","青い椅子","เก้าอี้ฟ้า"
"decoration.331002.description","Just a regular blue chair, but hey, it still does its job perfectly.","普通の青い椅子。まあ、座れれば何の問題もないよね。","เก้าอี้ธรรมดาสีฟ้า ยังใช้งานได้ดี"
"decoration.311001.name","Grassland View","草原の景色","วิวทุ่งหญ้า"
"decoration.311001.description","A peaceful view of rolling green fields that is incredibly easy on the eyes.","見ているだけで目が癒やされる、のどかな草原の景色。","วิวทุ่งหญ้า มองแล้วสบายตา"
"decoration.341001.name","Green Suitcase","緑色のスーツケース","กระเป๋าสีเขียว"
"decoration.341001.description","Just a regular green suitcase.","どこにでもある、いたって普通の緑色のスーツケース。","กระเป๋าเดินทางสีเขียวธรรมดา"
"decoration.321005.name","Cactus","サボテン","ต้นกระบองเพชร"
"decoration.321005.description","An absolutely adorable, tiny little cactus.","ちょこんとしたサイズ感がたまらなく愛らしい、小さなサボテン。","ต้นกระบองเพชรจิ๋วสุดน่ารัก"
"decoration.321006.name","Piggy Bank","豚の貯金箱","หมูออมสิน"
"decoration.321006.description","Please feed it some coins... this poor little piggy is getting way too skinny.","お願いだから小銭をちょうだい…このままだとガリガリになっちゃう。","หยอดเงินบ้างนะ หมูตัวนี้ผอมจะแย่แล้ว"
"decoration.321007.name","Old Laptop","古いノートPC","แล็ปท็อปเก่า"
"decoration.321007.description","An ancient laptop that can only manage to run basic programs.","基本的なプログラムを動かすのが限界の、おじいちゃんノートPC。","แล็ปท็อปเก่าๆ ที่เปิดได้แค่โปรแกรมพื้นฐาน"
"decoration.321008.name","Coffee Mug","マグカップ","แก้วกาแฟ"
"decoration.321008.description","A good cup of coffee that boosts your energy just like a health potion.","体力を一気に回復してくれる、回復ポーションのような極上の一杯。","กาแฟดีๆ เพิ่มพลังชีวิตได้เหมือนโพชั่นเลยนะ"
"decoration.331003.name","Trash Can","ゴミ箱","ถังขยะ"
"decoration.331003.description","Seriously, there are no hidden treasures inside this bin.","先に言っておくけど、この中に隠された宝箱なんてないよ。","มันไม่มีสมบัติอยู่ในนี้หรอกนะ"
"decoration.331004.name","Wooden Stool","木製スツール","เก้าอี้ไม้"
"decoration.331004.description","Forget about comfort—as long as you can sit on it, that's already a win.","座り心地なんて気にしちゃダメ。座れるだけで大勝利。","ไม่ต้องสนใจเรื่องความสบาย นั่งได้ก็ถือว่าดีมากแล้ว"
"decoration.311002.name","Small Town View","小さな町の景色","วิวเมืองเล็ก ๆ"
"decoration.311002.description","A cozy view of a small town, capturing the charming daily life of its residents.","住人たちののどかな日常を切り取った、小さな町の景色。","วิวเมืองเล็กๆ มองเห็นชีวิตประจำวันของผู้คน"
"decoration.341002.name","Blue Suitcase","青いスーツケース","กระเป๋าสีฟ้า"
"decoration.341002.description","Just a regular blue suitcase.","どこにでもある、いたって普通の青いスーツケース。","กระเป๋าเดินทางสีฟ้าธรรมดา"
"decoration.321009.name","Book Set","ブックセット","ชุดหนังสือ"
"decoration.321009.description","Just having this placed on the shelf instantly makes you feel smarter.","本棚に置いておくだけで、なんだか頭が良くなった気がするセット。","แค่วางไว้ก็รู้สึกฉลาดแล้ว"
"decoration.321010.name","Salt & Pepper Mills","ソルト＆ペッパーミル","ชุดเครื่องปรุง"
"decoration.321010.description","The ultimate salt and pepper duo, here to rescue any bland-tasting dish.","味の薄い料理をそっと救ってくれる、塩とコショウの名コンビ。","คู่หูเกลือและพริกไทย ช่วยกู้ชีพอาหารรสชาติจืดชืด"
"decoration.321011.name","Soup Bowl","スープボウル","ถ้วยซุป"
"decoration.321011.description","The soup looks a bit suspicious, but it actually tastes surprisingly good.","見た目はちょっと怪しいけれど、一口飲めば驚くほど美味しいスープ。","ซุปสีประหลาด แต่รสชาติดีทีเดียว"
"decoration.321012.name","Old Candle","アンティークキャンドル","แท่งเทียนเก่า"
"decoration.321012.description","Better close the windows, or the breeze will blow this candle right out.","窓を閉めて！ちょっとした風ですぐに消えちゃうから。","ปิดหน้าต่างด้วยนะ เดี๋ยวเทียบดับ"
"decoration.331005.name","Potted Tree","鉢植えの木","กระถางไม้ประดับ"
"decoration.331005.description","Any room looks ten times better with a little touch of natural green.","グリーンのアクセントが部屋の雰囲気をグッと引き立ててくれる。","ห้องจะสวยงามถ้ามีสีเขียวแซมๆ อยู่บ้าง"
"decoration.331006.name","Old Chair","古い椅子","เก้าอี้เก่า"
"decoration.331006.description","An old, worn-out chair that is still reasonably comfortable to sit on.","年季が入っている割には、そこそこ座り心地の良い古い椅子。","เก้าอี้เก่าที่นั่งสบายพอประมาณ"
"decoration.311003.name","Pine Forest View","松林の景色","วิวป่าสน"
"decoration.311003.description","A view of a dense pine forest that instantly makes you feel the cool breeze.","爽やかな冷たい風を感じられる、青々とした松林の景色","วิวป่าสน สัมผัสได้ถึงอากาศเย็น"
"decoration.341003.name","Pink Suitcase","ピンクのスーツケース","กระเป๋าสีชมพู"
"decoration.341003.description","Just a regular pink suitcase.","どこにでもある、いたって普通のピンクのスーツケース。","กระเป๋าเดินทางสีชมพูธรรมดา"
"decoration.321013.name","Beast Skull","獣の頭蓋骨","กระโหลกสัตว์ร้าย"
"decoration.321013.description","Don't worry, it's actually just made of resin.","安心してください、これ実はただの樹脂製です。","จริงๆแล้วทำมาจากเรซิ่นนะ"
"decoration.321014.name","Coin Pouch","コインポーチ","ถุงใส่เหรียญ"
"decoration.321014.description","An old pouch holding barely a handful of loose coins.","中に小銭がほんのひと握りしか入っていない、古びた袋。","ถุงเก่าๆ ที่ภายในมีเหรียญไม่ถึง 1 กำมือ"
"decoration.321015.name","Bonfire","焚き火","กองไฟ"
"decoration.321015.description","Wait, are you seriously going to light a bonfire right on top of the table...?","え、本気でこれをテーブルの上で燃やすつもり…？","จะเอามาวางบนโต๊ะจริงๆหรอ..."
"decoration.321016.name","Old Pot","古びた鍋","หม้อเก่า"
"decoration.321016.description","The older the pot, the sweeter and richer the soup tastes.","鍋は古ければ古いほど、スープに深いコクと旨味が出る。","หม้อยิ่งเก่า ซุปยิ่งหวาน"
"decoration.331007.name","Bone Pile","骨の山","กองกระดูก"
"decoration.331007.description","Just the leftover scraps and unwanted pieces from tonight's dinner.","今夜のディナーの、食べられない残骸。","ส่วนที่ไม่จำเป็นของอาหารเย็นมื้อนี้"
"decoration.331008.name","Floor Chair","座椅子","เก้าอี้นั่งพื้น"
"decoration.331008.description","A bit tiring for your back, but hey, it beats sitting directly on the cold floor.","ちょっと腰は疲れるけど、冷たい床に直に座るよりはマシ。","เมื่อยนิดหน่อย แต่ดีกว่าไม่มีอะไรให้นั่ง"
"decoration.311004.name","Cave View","洞窟の景色","วิวภายในถ้ำ"
"decoration.311004.description","A dim view from inside the cave, but at least you can still spot the exit.","洞窟の内側からの薄暗い景色。まあ、出口が見えるだけマシか。","วิวในถ้ำที่ยังพอมองเห็นทางออกอยู่บ้าง"
"decoration.341004.name","Backpack","バックパック","กระเป๋าสะพายหลัง"
"decoration.341004.description","A rugged backpack perfectly designed for traveling through remote wilderness.","人里離れた大自然を旅するのにうってつけの、タフなバックパック。","กระเป๋าที่เหมาะกับการเดินทางในพื้นที่ห่างไกล"
"decoration.321017.name","Mushroom Lamp","きのこのランプ","โคมไฟเห็ด"
"decoration.321017.description","A mushroom lamp that functions perfectly as a room decor.","お部屋のインテリアとして大活躍してくれる、きのこ型のランプ。","โคมไฟรูปเห็ด ใช้ตกแต่งห้องได้เป็นอย่างดี"
"decoration.321018.name","Mushroom Terrarium","きのこリウム","สวนเห็ดในโหลแก้ว"
"decoration.321018.description","No watering needed. These mushrooms are basically immortal.","水やりは一切不要。このきのこたち、基本的には不老不死です。","ไม่จำเป็นต้องรดน้ำ เห็ดเหล่านี้แทบจะไม่มีวันตาย"
"decoration.321019.name","Breakfast Plate","朝食プレート","อาหารเช้า"
"decoration.321019.description","A breakfast plate completely buried under a sunny-side-up egg.","目玉焼きの存在感が強すぎて、下が完全に見えない朝食プレート。","อาหารเช้าที่โดนไข่ดาวคลุมจนมิด"
"decoration.321020.name","Big Mug","大きなマグカップ","แก้วกาแฟใหญ่"
"decoration.321020.description","Bigger mug, more caffeine, maximum energy boost!","マグが大きくなればカフェインも増える。つまり、エネルギー全開！","แก้วใหญ่ขึ้น คาเฟอีกมากขึ้น พลังงานก็เพิ่มขึ้น"
"decoration.331009.name","Laundry Basket","ランドリーバスケット","ตะกร้าผ้า"
"decoration.331009.description","Go do your laundry already before it starts raining.","ほら、雨が降り出す前にさっさと洗濯してきちゃいなよ。","รีบเอาไปซักได้แล้ว เดี๋ยวฝนจะตกซะก่อน"
"decoration.331010.name","Small Wooden Stool","小さな木製スツール","เก้าอี้ไม้จิ๋ว"
"decoration.331010.description","A wooden stool at just the perfect height for doing chores.","洗濯とかちょっとした作業をするのに、丁度いい高さの木製スツール。","เก้าอี้ที่ความสูงกำลังดีสำหรับการซักผ้า"
"decoration.311005.name","Mushroom Town View","きのこの町の景色","วิวเมืองเห็ด"
"decoration.311005.description","A scenic view of a town bustling with mushrooms.","あっちを見てもこっちを見てもきのこだらけな、不思議な町の景色。","วิวของเมืองที่เต็มไปด้วยเห็ด"
"decoration.341005.name","Orange Suitcase","オレンジのスーツケース","กระเป๋าสีส้ม"
"decoration.341005.description","Just a regular orange suitcase.","どこにでもある、いたって普通のオレンジ色のスーツケース。","กระเป๋าเดินทางสีส้มธรรมดา"
"decoration.321021.name","Fishbowl","金魚鉢","โหลเลี้ยงปลา"
"decoration.321021.description","A little fish in a bowl. Seriously, don't forget to feed it.","鉢の中の小さな金魚。本当にお願いだから、エサやりを忘れないでね。","ปลาน้อยในโหล อย่าลืมให้อาหารมันล่ะ"
"decoration.321022.name","Painting Tools","ペイントツール","อุปกรณ์วาดภาพ"
"decoration.321022.description","Crucial tools for a true artist—definitely not an AI.","本物の芸術家のための必須ツール。――断じてAIではありません。","อุปกรณ์สำคัญสำหรับคนที่ไม่ใช้ AI"
"decoration.321023.name","Mini Canvas","ミニキャンバス","เฟรมผ้าใบจิ๋ว"
"decoration.321023.description","A mini canvas. Just a few more strokes and it's done!","小さなミニキャンバス。あと少しで完成しそう！","ผ้าใบวาดภาพขนาดเล็ก อีกนิดเดียวก็จะวาดเสร็จแล้ว"
"decoration.321024.name","Modern Desk Lamp","モダンなデスクライト","โคมไฟมีสไตล์"
"decoration.321024.description","A desk lamp with a sleek, ultra-modern design.","洗練されたスタイリッシュなデザインの、モダンなデスクライト。","โคมไฟตั้งโต๊ะรูปร่างทันสมัย"
"decoration.331011.name","Canvas Frame","キャンバスフレーム","เฟรมผ้าใบ"
"decoration.331011.description","A large, unfinished masterpiece still in progress.","制作途中の大作が飾られている。","ผ้าใบวาดภาพขนาดใหญ่ที่ยังวาดไม่เสร็จดี"
"decoration.331012.name","Art Stool","アートスツール","เก้าอี้สตูล"
"decoration.331012.description","Real artists don't need backrests while creating art.","本物の芸術家たるもの、作業中に背もたれなんて必要ない。","ศิลปินที่แท้จริงไม่จำเป็นต้องพิงหลังตอนนั่งทำงาน"
"decoration.311006.name","Sunset View","夕暮れの景色","วิวยามเย็น"
"decoration.311006.description","A beautiful sunset view that showers you with pure inspiration.","見ているだけでインスピレーションが湧いてくる、美しい夕暮れの景色。","วิวช่วงพระอาทิตย์ตกดิน ดูแล้วเกิดแรงบันดาลใจมากมาย"
"decoration.341006.name","Yellow Luggage","黄色のスーツケース","กระเป๋าสีเหลือง"
"decoration.341006.description","Just a regular yellow suitcase.","どこにでもある、いたって普通の黄色いスーツケース。","กระเป๋าเดินทางสีเหลืองธรรมดา"
"decoration.322001.name","Beach Cushion","ビーチクッション","หมอนลายทะเล"
"decoration.322001.description","A beach-themed cushion. It even smells like the ocean!","ほのかに海の香りが漂う、ビーチモチーフのクッション。","หมอนลายทะเล มีกลิ่นของทะเลด้วยนะ"
"decoration.322002.name","Whale Plushie","クジラのぬいぐるみ","ตุ๊กตาปลาวาฬ"
"decoration.322002.description","A tiny whale plushie—because a big one wouldn't fit on the desk.","デスクに乗る丁度いいサイズ感の、小さなクジラのぬいぐるみ。","ตุ๊กตาปลาวาฬตัวจิ๋ว เพราะไม่จิ๋วจะวางบนโต๊ะไม่ได้"
"decoration.322003.name","Towel","タオル","ผ้าเช็ดตัว"
"decoration.322003.description","Make sure to pack this towel before diving in!","水に飛び込む前に、このタオルをバッグに入れるのをお忘れなく！","พกไว้ก่อนไปเล่นน้ำด้วย"
"decoration.322004.name","Table Lamp","テーブルランプ","โคมไฟตั้งโต๊ะ"
"decoration.322004.description","A standard table lamp that does exactly what it's supposed to do.","いたって普通のデスクライト。期待通りの仕事をこなしてくれます。","โคมไฟธรรมดา ใช้งานได้ตามปกติ"
"decoration.332001.name","Swim Ring","浮き輪","ห่วงยาง"
"decoration.332001.description","Safety first, always!","何よりも安全第一！これさえあれば、いつでも準備万端。","ปลอดภัยไว่ก่อน"
"decoration.332002.name","Beach Toys Set","砂遊びセット","ชุดของเล่นชายหาด"
"decoration.332002.description","Ready to build the most epic sandcastle ever?","さあ、史上最高の砂の城を作る準備はできた？","พร้อมจะสร้างปราสาททรายสุดอลังแล้วหรือยัง"
"decoration.312001.name","Beach View","ビーチの景色","วิวชายหาด"
"decoration.312001.description","A serene beach view where you can almost taste the salty breeze.","潮風の香りが今にも漂ってきそうな、のどかなビーチの景色。","วิวชายหาด ได้กลิ่นเค็มอ่อนๆ จากทะเล"
"decoration.342001.name","Vacation Suitcase","バケーションスーツケース","กระเป๋าพักร้อน"
"decoration.342001.description","A vacation-ready suitcase complete with your favorite hat.","お気に入りの帽子を詰め込んだ、バカンス仕様のスーツケース。","กระเป๋าเดินทางพร้อมหมวกคู่ใจ"
"decoration.322005.name","Dried Herbs","ドライハーブ","สมุนไพรตากแห้ง"
"decoration.322005.description","Dried herbs filling the entire room with a pleasant aroma.","部屋いっぱいに心地よい香りを広げてくれる、乾燥ハーブ。","สมุนไพรที่ส่งกลิ่นหอมอบอวลไปทั่วห้อง"
"decoration.322006.name","Cutlery Set","カトラリーセット","ชุดช้อนส้อม"
"decoration.322006.description","Without this, you'd be eating with your bare hands.","これがなかったら、あやうく手づかみで食べることになるところだった。","ถ้าไม่มีคงต้องใช้มือกินแล้วล่ะ"
"decoration.322007.name","Bread Loaf","パン","ขนมปัง"
"decoration.322007.description","A freshly baked loaf of bread that's a little bit crusty.","焼き立てだけど、外側がちょっとだけカリッと硬めのパン。","ขนมปังอบใหม่ที่มีความแข็งเล็กน้อย"
"decoration.322008.name","Stainless Steel Pot","ステンレス鍋","หม้อสแตนเลส"
"decoration.322008.description","A high-quality pot currently holding some piping hot stew.","熱々のスープがたっぷり入った、使い勝手の良いステンレス鍋。","หม้อชั้นดีข้างในมีสตูว์ร้อนๆ"
"decoration.332003.name","Straw Broom","ほうき","ไม้กวาด"
"decoration.332003.description","Used for cleaning up, or occasionally riding around like a wizard.","普段は掃除用、たまに魔法使い気分でまたがって遊ぶためのほうき。","ใช้ทำความสะอาด และขี่เล่นได้ในบางเวลา"
"decoration.332004.name","Log Stool","丸太のスツール","เก้าอี้ขอนไม้"
"decoration.332004.description","Wait... who left an apple on this log?","あれ…？誰がこの丸太の上にリンゴを置き忘れたんだろう？","ใครเอาแอปเปิ้ลมาวางไว้กันนะ"
"decoration.312002.name","Autumn Forest View","紅葉の森の景色","วิวป่าฤดูใบไม้ร่วง"
"decoration.312002.description","An autumn forest view bursting with vibrant seasonal colors.","色鮮やかな紅葉に包まれた、美しい秋の森の景色。","วิวของป่าในช่วงฤดูใบไม้ร่วง เต็มไปด้วยสีสันมากมาย"
"decoration.342002.name","Leather Suitcase","レザースーツケース","กระเป๋าหนัง"
"decoration.342002.description","A leather suitcase that is way more durable than it looks.","見た目以上にタフで、ガシガシ使える本革のスーツケース。","กระเป๋าเดินทางที่ทำจากหนัง ทนทานกว่าที่คิด"
"decoration.322009.name","Strawberry Jam","いちごジャム","แยมสตรอเบอรี่"
"decoration.322009.description","Bright red strawberry jam with a perfect sweet and sour kick.","甘酸っぱさのバランスが絶妙な、真っ赤ないちごジャム。","แยมสตรอเบอรี่สีแดงสด รสหวานอมเปรี้ยว"
"decoration.322010.name","Flower Vase","花瓶","แจกันดอกไม้"
"decoration.322010.description","A lovely flower vase that instantly brightens up the room.","置くだけでお部屋の雰囲気がパッと明るくなる花瓶。","แจกันดอกไม้ช่วยให้ห้องสดใสน่าอยู่"
"decoration.322011.name","Simple Tea Set","シンプルなティーセット","ชุดน้ำชาธรรมดา"
"decoration.322011.description","A simple tea set, but the flavor it brews is anything but ordinary.","シンプルな見た目だけど、淹れられるお茶の味は一級品。","ชุดน้ำชาธรรมดาแต่รสชาไม่ธรรมดา"
"decoration.322012.name","Pancake Stack","パンケーキタワー","แพนเค้ก"
"decoration.322012.description","A stack of fluffy pancakes completely drenched in chocolate sauce.","チョコソースをこれでもかと贅沢にかけたパンケーキ。","แพนเค้กที่ชุ่มไปด้วยซอสช็อกโกแลต"
"decoration.332005.name","Cardboard Box","段ボール箱","กล่องพัสดุ"
"decoration.332005.description","The aftermath of a serious online shopping addiction.","ネットショッピングにどっぷりハマってしまった男の末路。","ผลจากการสั่งสินค้าออนไลน์มากเกินไป"
"decoration.332006.name","Tea Chair","ティーチェア","เก้าอี้จิบชา"
"decoration.332006.description","The chair that came as a bonus with the tea set.","ティーセットを購入すると、もれなく付いてくるオマケの椅子。","เก้าอี้ที่แถมมากับชุดน้ำชา"
"decoration.312003.name","Tea Field View","茶畑の景色","วิวไร่ชา"
"decoration.312003.description","A scenic view of tea fields stretching as far as the eye can see.","どこまでも果てしなく続く、広大な茶畑の景色。","วิวไร่ชาที่กว้างสุดลูกหูลูกตา"
"decoration.342003.name","Picnic Suitcase","ピクニックスーツケース","กระเป๋าปิกนิก"
"decoration.342003.description","A cute pink suitcase that is absolutely perfect for a picnic.","ピクニックに出かけたくなるような、大人可愛いピンクのスーツケース。","กระเป๋าเดินทางน่ารักสีชมพูเหมาะกับการเอาไปปิกนิก"
"decoration.322013.name","Perfume Bottle","香水瓶","ขวดน้ำหอม"
"decoration.322013.description","Premium perfume. You'll literally smell them coming before you see them.","姿が見える前に香りで気づかれる、最高品質の香水。","น้ำหอมคุณภาพดี ได้กลิ่นก่อนจะเห็นหน้าซะอีก"
"decoration.322014.name","Luxury Handbag","ブランドバッグ","กระเป๋าแบรนด์เนม"
"decoration.322014.description","A luxury bag where the wallet inside is worth way less than the bag itself.","中身のお財布よりも、バッグ本体の方が圧倒的に高いやつ。","กระเป๋าราคาแพงที่เงินข้างในน้อยกว่าราคากระเป๋า"
"decoration.322015.name","Desktop PC","デスクトップPC","คอมพิวเตอร์"
"decoration.322015.description","A desktop PC... just please don't look at the search history.","デスクトップPC。……お願いだから検索履歴だけは見ないで。","คอมพิวเตอร์แต่อย่าเปิดดูประวัติการค้นหา"
"decoration.322016.name","Warm Desk Lamp","デスクライト","โคมไฟอบอุ่น"
"decoration.322016.description","A cozy desk lamp that casts a warm, soothing orange glow.","ぬくもりのあるオレンジ色の光で、部屋を優しく照らすデスクライト。","โคมไฟที่ให้แสงสีส้มอบอุ่น"
"decoration.332007.name","Stainless Trash Can","ステンレスゴミ箱","ถังขยะสแตนเลส"
"decoration.332007.description","This bin has no treasure either. It’s just sturdier than your average one.","別に宝物が入ってるわけじゃないよ。ただ頑丈なだけのゴミ箱。","ถังนี้ก็ไม่มีสมบัติเหมือนกัน แค่แข็งแรงกว่าปกติเฉยๆ"
"decoration.332008.name","Comfortable Chair","コンフォートチェア","เก้าอี้นั่งสบาย"
"decoration.332008.description","A chair meticulously designed with perfect ergonomics in mind.","エルゴノミクスに基づいて緻密に設計された椅子。","เก้าอี้ที่ออกแบบตามหลัก Ergonomics"
"decoration.312004.name","Night City View","夜の景色","วิวยามค่ำคืน"
"decoration.312004.description","A breathtaking night view of a vibrant city that never sleeps.","眠らない街の活気にあふれた、息をのむほど美しい夜景。","วิวยามค่ำคืนของเมืองที่ไม่เคยหลับไหล"
"decoration.342004.name","Luxury Suitcase","ブランドスーツケース","กระเป๋าเรียบหรู"
"decoration.342004.description","A sophisticated luxury suitcase. Sleek and reasonably durable.","スタイリッシュで高級感があり、耐久性もそこそこなスーツケース。","กระเป๋าเดินทางที่เรียบหรู แข็งแรงพอประมาณ"
"decoration.322017.name","Lucky Cat","招き猫","แมวกวัก"
"decoration.322017.description","Good luck in, bad vibes out.","幸運よカモン、悪い気は出ていけ！","โชคดีจงเข้ามา โชคร้ายจงออกไป"
"decoration.322018.name","Ceramic Bowl","セラミックボウル","ชามเซรามิก"
"decoration.322018.description","A ceramic bowl crafted with pure care and dedication.","職人が一つひとつ職人魂を込めて作り上げた、セラミック製のボウル。","ชามเซรามิกที่ทำขึ้นมาอย่างตั้งใจ"
"decoration.322019.name","Ceramic Teapot","急須","กาน้ำชาเซรามิก"
"decoration.322019.description","An antique teapot that makes you feel like a certified tea master.","使うだけでお茶の淹れ方がプロ級になった気がする、アンティークな急須。","กาน้ำชาทรงโบราณ ใช้แล้วรู้สึกว่าจะชงชาเก่งขึ้น"
"decoration.322020.name","Bonsai Tree","盆栽","ต้นบอนไซ"
"decoration.322020.description","A tiny bonsai tree with a price tag that's definitely not tiny.","ミニサイズだけど、お値段はちっともミニじゃない盆栽。","ต้นบอนไซจิ๋วที่ราคาไม่จิ๋ว"
"decoration.332009.name","Paper Lantern","提灯","โคมไฟกระดาษ"
"decoration.332009.description","A beautiful paper lantern made from high-quality materials.","上質な素材で作られた、美しい模様が目を引く紙提灯。","โคมไฟลวดลายสวยงามทำจากกระดาษอย่างดี"
"decoration.332010.name","Retro Fan","レトロ扇風機","พัดลมเรโทร"
"decoration.332010.description","A nostalgic fan that brings back sweet memories of the past.","見ているだけで古き良き懐かしい時代を思い出す、レトロな扇風機。","พัดลมที่เห็นแล้วนึกถึงวันเก่าๆ"
"decoration.312005.name","Sakura View","桜の景色","วิวซากุระ"
"decoration.312005.description","Cherry blossoms in full, rare bloom. A sight that happens only once a year.","1年に一度しか見られない、桜が満開に咲き誇る特別な景色。","วิวเมื่อซากุระบานสะพรั่ง หนึ่งปีมีแค่ครั้งเดียวเท่านั้น"
"decoration.342005.name","Lucky Cat Suitcase","ラッキースーツケース","กระเป๋านำโชค"
"decoration.342005.description","A suitcase packed with good fortune. Guaranteed 100% safe travels.","幸運がぎっしり詰まった、100%安全な旅を約束してくれるスーツケース。","กระเป่าเดินทางที่เต็มไปด้วยโชคลาภ เดินทางปลอดภัย 100%"
"decoration.322021.name","Snow Globe","スノードーム","ลูกแก้วหิมะ"
"decoration.322021.description","A cute little snow globe picked up from a holiday festival.","お祭りの出店で思わず一目惚れして買った、可愛いスノードーム。","ลูกแก้วหิมะที่ซื้อมาจากงานเทศกาล"
"decoration.322022.name","Mini Snowman","ミニ雪だるま","ตุ๊กตาหิมะ"
"decoration.322022.description","Do You Want to Build a Snowman?","雪だるまつくろう～","Do You Want to Build a Snowman?"
"decoration.322023.name","Festival Drink","フェスティバルドリンク","เครื่องดื่มวันเทศกาล"
"decoration.322023.description","A festive drink that tastes just as amazing as it looks.","見た目の華やかさに負けないくらい、味も抜群なお祭りドリンク。","เครื่องดื่มสำหรับงานเทศกาล ดูดีทั้งหน้าตาและรสชาติ"
"decoration.322024.name","Little Pine","小さな松の木","ต้นสนน้อย"
"decoration.322024.description","A miniature pine tree that sits perfectly on your desk.","デスクの上にちょこんと置くのにぴったりな、ミニサイズの松の木。","ต้นสนขนาดเล็กสามารถวางบนโต๊ะได้"
"decoration.332011.name","Rocking Chair","ロッキングチェア","เก้าอี้โยก"
"decoration.332011.description","A cozy red rocking chair. Seriously, you won't want to get up.","居心地が良すぎる赤いロッキングチェア。一度座ったらもう立ち上がれない。","เก้าอี้โยกสีแดง เพลินจนหยุดไม่อยู่"
"decoration.332012.name","ฺGift Box","ギフトボックス","กล่องของขวัญ"
"decoration.332012.description","An unopened gift box. Oh the suspense is killing me!","まだ開けられていないギフトボックス。中身が気になってソワソワする！","กล่องของขวัญที่ยังไม่ได้แกะ ตื่นเต้นจังเลย"
"decoration.312006.name","Festival View","フェスティバルの景色","เมืองในวันเทศกาล"
"decoration.312006.description","A lively city view illuminated by dazzling festival lights.","お祭りのきらびやかなイルミネーションで、活気に満ちた街の景色。","วิวเมืองที่คึกคักไปด้วยแสงไฟจากงานเทศกาล"
"decoration.342006.name","ฺGift Box Suitcase","ギフトボックスーツケース","กระเป๋ากล่องของขวัญ"
"decoration.342006.description","A fancy suitcase shaped like a gift box. I wonder what's inside...","ギフトボックスの形をしたお洒落なスーツケース。中には何が入ってるのかな？","กระเป๋๋าเดินทางสุดแฟนซี อยากรู้แล้วสิว่าข้างในจะเป็นอะไร"
"decoration.323001.name","Hurricane Lantern","ハリケーンランタン","ตะเกียงเจ้าพายุ"
"decoration.323001.description","A classic vintage lantern that still works like a charm.","今でも現役でちゃんと使える、クラシックでヴィンテージなランタン。","ตะเกียงเก่าสุดคลาสสิก ยังคงใช้งานได้ดี"
"decoration.323002.name","Tool Bag","ツールバッグ","กระเป๋าใส่อุปกรณ์"
"decoration.323002.description","A heavy-duty tool bag. So tough that even smashing a rock on it won't break it.","超タフな道具袋。上に岩を落とされたって、これなら絶対に壊れない。","กระเป๋าใส่อุปกรณ์ แข็งแรงทนทาน เอาหินมาทุบก็ไม่พัง"
"decoration.323003.name","Gold Ore","金鉱石","แร่ทอง"
"decoration.323003.description","A chunk of gold ore—the ultimate money maker for any miner.","金の鉱石。炭鉱夫たちにとっては、これこそが最高の稼ぎ頭。","ก้อนแร่ทองคำ แหล่งรายได้ชั้นดีของนักขุดแร่"
"decoration.323004.name","Small Crystal","小さなクリスタル","คริสตัลขนาดเล็ก"
"decoration.323004.description","Freshly mined crystals, perfect for adding some shine to your decor.","鉱山から採掘されたばかりの、お部屋のアクセントにぴったりな小さな水晶。","คริสตัลสดจากเหมือง ใช้วางประดับตกแต่ง"
"decoration.333001.name","Large Crystal","大きなクリスタル","คริสตัลขนาดใหญ่"
"decoration.333001.description","A massive crystal. Looks great on display, sells for an even better price.","ディスプレイにしても映えるし、売ればさらにいい値がつく巨大な水晶。","คริสตัลขนาดใหญ่ ตั้งโชว์ก็สวย เอาไปขายก็ได้ราคา"
"decoration.333002.name","Pickaxe","ツルハシ","อีเตอร์ขุดแร่"
"decoration.333002.description","The go-to tool for any professional miner.","プロの炭鉱夫なら誰もが愛用する、お馴染みのつるはし。","อุปกรณ์สำหรับขุดแร่ของมือโปร"
"decoration.313001.name","Mine View","鉱山の景色","วิวเหมืองแร่"
"decoration.313001.description","A view from inside the mine. It’s dark, yet oddly peaceful.","洞窟の奥深くの景色。薄暗いけれど、どこか妙に落ち着く場所。","วิวภายในเหมือง มืด แต่ก็รู้สึกสงบ"
"decoration.343001.name","Crystal Cart Suitcase","鉱車風スーツケース","กระเป๋ารถแร่"
"decoration.343001.description","Wait... does this even qualify as a suitcase?","ちょっと待って…これって本当にスーツケースのジャンルに入るの？","แบบนี้ก็นับว่าเป็นกระเป๋าเดินทางหรอ"
"decoration.323005.name","Boombox","ラジカセ","วิทยุเทป"
"decoration.323005.description","A retro boombox that delivers some seriously heavy bass.","ヘビーな重低音をガンガンに響かせる、レトロなラジカセ。","วิทยุเรโทรพร้อมเสียงเบสเต็มพิกัด"
"decoration.323006.name","Lava Lamp","ラバランプ","โคมไฟผ่อนคลาย"
"decoration.323006.description","A desk lamp that oozes pure relaxation just by looking at it.","見つめているだけで、心がじんわりと信じられないほど癒やされるデスクライト。","โคมไฟตั้งโต๊ะที่แค่มองดูก็รู้สึกผ่อนคลายอย่างยิ่ง"
"decoration.323007.name","Game Console","ゲーム機","เกมคอนโซล"
"decoration.323007.description","How can you call yourself a true gamer without a game console?","ゲーム機のない部屋なんて、本当にゲーマーの部屋って呼べる？","ถ้าไม่มีเกมจะเป็นก้องเกมเมอร์ได้อย่างไร"
"decoration.323008.name","Rubik Cube","ルービックキューブ","รูบิค"
"decoration.323008.description","A brain-melting puzzle cube made for intellectuals.","天才たちの脳みそをドロドロに溶かすために作られた、立体パズル。","เกมลับสมองของผู้มีปัญญา"
"decoration.333003.name","Pizza Box","ピザボックス","กล่องพิซซ่า"
"decoration.333003.description","The ultimate late-night fuel for gamers.","夜な夜な戦うゲーマーたちの、頼れる究極の夜食","คลังอาหารยามค่ำคืนของเหล่าเกมเมอร์"
"decoration.333004.name","Retro Television","レトロテレビ","โทรทัศน์เรโทร"
"decoration.333004.description","A funky retro TV that you rarely see around these days.","今どき滅多にお目にかかれない、ちょっと変わった形のレトロテレビ。","โทรทัศน์รูปร่างแปลกตาที่ไม่ค่อยเห็นในยุคปัจจุบัน"
"decoration.313002.name","Neon City View","ネオン街の景色","วิวแสงนีออน"
"decoration.313002.description","A vibrant city view glowing with cyberpunk neon vibes.","サイバーパンクなネオンのバイブスがギラギラ輝く、活気ある街の景色。","วิวเมืองที่เต็มไปด้วยกลิ่นอายแสงสีนีออนสไตล์ไซเบอร์พังก์"
"decoration.343002.name","Cassette Suitcase","カセットスーツケース","กระเป๋าเทปคาสเซ็ท"
"decoration.343002.description","A retro suitcase styled after a classic cassette tape.","懐かしのクラシックなカセットテープの形をした、レトロなスーツケース。","กระเป๋าเดินที่ออกแบบมาในสไตล์ตลับเทปคาสเซ็ทสุดคลาสสิก"
"decoration.323009.name","Mysterious Potion","怪しいポーション","ขวดยาปริศนา"
"decoration.323009.description","A mysterious potion. Nobody knows what happens if you drink it.","怪しげなポーション。もし飲んじゃったらどうなるか、誰も知らない。","โพชั่นลึกลับที่ไม่รู้ว่าดื่มเข้าไปแล้วจะเป็นยังไง"
"decoration.323010.name","Mysterious Book","怪しい本","หนังสือลึกลับ"
"decoration.323010.description","Seriously, don't open it. Just leave it as it is.","本当に、絶対に開けないで。ただそのままそっとしておいて。","อย่าเปิดอ่านเลย ปล่อยไว้แบบนั้นแหละ"
"decoration.323011.name","Goblet","ゴブレット","แก้วไวน์"
"decoration.323011.description","An elegant goblet filled with a mysterious red liquid.","怪しい真っ赤な液体が注がれた、エレガントで豪華なゴブレット。","แก้วหรูหราที่บรรจุของเหลวสีแดงเอาไว้"
"decoration.323012.name","Table Candelabra","テーブル燭台","เชิงเทียนตั้งโต๊ะ"
"decoration.323012.description","Come to think of it, this candelabra looks pretty neat.","そういえば、この燭台って地味にデザインが格好いいよね。","จะว่าไป เชิงเทียนอันนี้ก็สวยดีเหมือนกันนะ"
"decoration.333005.name","Floor Candelabra","フロア燭台","เชิงเทียนตั้งพื้น"
"decoration.333005.description","Come to think of it, this candelabra looks pretty neat—and it's tall too!","そういえば、この燭台って地味にデザインが格好いいよね。しかも大きい！","จะว่าไป เชิงเทียนอันนี้ก็สวยดีเหมือนกันนะ สูงซะด้วย"
"decoration.333006.name","Regal Armchair","豪華な椅子","เก้าอี้สุดหรู"
"decoration.333006.description","A luxurious armchair that makes anyone who sits in it look like royalty.","誰が座っても、一瞬で貴族か王様のように見せてくれる豪華な椅子。","เก้าอี้บุหนังอย่างดี เอาใครมานั่งก็เหมือนขุนนาง"
"decoration.313003.name","Dark Forest View","暗い森の景色","วิวป่ายามราตรี"
"decoration.313003.description","A night view of the forest that seems to hide a deep secret.","奥深い秘密がひっそりと隠されていそうな、不気味な夜の森の景色。","วิวป่ายามค่ำคืนที่เหมือนจะซ่อนความลับบางอย่างเอาไว้"
"decoration.343003.name","Vintage Suitcase","ヴィンテージスーツケース","กระเป๋าวินเทจ"
"decoration.343003.description","A vintage suitcase set. A bit impractical, but it looks incredibly cool.","ちょっと実用性には欠けるけれど、文句なしに型破りで格好いいヴィンテージ鞄。","ชุดกระเป๋าเดินทางวินเทจ ใช้ยากหน่อยแต่เท่มาก"
"decoration.323013.name","Antique Globe","アンティーク地球儀","ลูกโลกจำลอง"
"decoration.323013.description","The ancient ancestor of today's map apps.","現在の地図アプリのはるか遠いご先祖様。","บรรพบุรุษของแอปแผนที่ในปัจจุบัน"
"decoration.323014.name","Vintage Radio","レトロラジオ","วิทยุโบราณ"
"decoration.323014.description","An old vintage radio that only plays static noises.","「ザー、ザー…」という雑音しか聞こえない古びたラジオ。","วิทยุเก่าที่มีแต่เสียง ซ่า..ซ่า...."
"decoration.323015.name","Typewriter","タイプライター","เครื่องพิมพ์ดีด"
"decoration.323015.description","A typewriter that’s way better for room decor than actual typing.","実際に文字を打つよりも、部屋のインテリアとして飾る方にむいているタイプライター。","เครื่องพิมพ์ดีดที่เหมาะกับการแต่งห้องมากกว่าใช้งาน"
"decoration.323016.name","Quill Pen","羽ペン","ปากกาขนนก"
"decoration.323016.description","Keep a close eye on your cat. Definitely don't let it near this.","猫を飼っている人は要注意。絶対にこれに近づけちゃダメだよ。","ดูแลแมวของคุณให้ดีๆ อย่าให้เข้าใกล้เชียว"
"decoration.333007.name","Iron Fan","鉄製扇風機","พัดลมเหล็ก"
"decoration.333007.description","A 67-year-old iron fan that surprisingly still works like a charm.","67年経った今でも、驚くほど現役でガンガン動く鉄製の扇風機。","พัดลมเก่าที่ผ่านมา 67 ปีแล้วก็ยังทำงานได้อยู่"
"decoration.333008.name","Iron Chair","鉄の椅子","เก้าอี้เหล็ก"
"decoration.333008.description","A heavy iron chair. So solid that even an elephant couldn't crush it.","鉄で作られた椅子。たとえゾウがドスンと座ったって絶対に壊れない。","เก้าอี้ที่ทำจากเหล็ก เอาช้างมานั่งก็ไม่พัง"
"decoration.313004.name","Underwater View","海中の景色","วิวใต้น้ำ"
"decoration.313004.description","An underwater view teeming with exotic fish and strange sea creatures.","珍しい魚や不思議な海の生き物たちがたくさん泳ぐ、神秘的な海中の景色。","วิวใต้น้ำที่มองเห็นหมู่ปลาและสัตว์น้ำแปลกๆมากมาย"
"decoration.343004.name","Deep-Sea Suitcase","深海スーツケース","กระเป๋าใต้ทะเล"
"decoration.343004.description","A quirky suitcase built to survive a dive down to 3,000 feet.","水深3,000フィートの深海まで耐えられる、ちょっと変わった形の防水スーツケース。","กระเป๋ารูปทรงแปลกๆ กันน้ำได้ถึงระดับความลึก 3,000 ฟุต"
"decoration.324001.name","Bird in a Cage","鳥かごの小鳥","นกน้อยในกรง"
"decoration.324001.description","A sweet-singing bird in a widely-spaced cage. Aren't you afraid it'll fly away?","鳥かごの隙間が結構広いけど……どこかに飛んでいっちゃわないか心配じゃない？","นกน้อยเสียงหวานในกรงซี่ห่าง ไม่กลัวบินหนีหรอ?"
"decoration.324002.name","Royal Teapot","ロイヤルティーポット","กาน้ำชาสุดหรู"
"decoration.324002.description","Top-tier teapot. Brew it today, and it'll still be hot tomorrow.","最高品質のティーポット。今日淹れたお茶が明日になってもまだ熱々なレベル。","กาน้ำชาคุณภาพระดับสูงสุด ชงวันนี้พรุ่งนี้ก็ยังร้อนอยู่"
"decoration.324003.name","Golden Vase","金の花瓶","แจกันทองคำ"
"decoration.324003.description","A golden vase crafted to keep your flowers from ever withering away.","生けた花がいつまでも決して枯れることのない黄金の魔法の花瓶。","แจกันทองคำที่ทำให้ดอกไม้ไม่เหี่ยวไม่เฉา"
"decoration.324004.name","Afternoon Tea Set","アフタヌーンティーセット","ชุดอาหารว่าง"
"decoration.324004.description","A luxury snack set perfectly paired for a fancy afternoon tea.","優雅なアフタヌーンティーにぴったりな、贅沢すぎるお菓子のセット。","ชุดอาหารว่างสุดหรูไว้กินกับน้ำชายามบ่าย"
"decoration.334001.name","Eternal Fountain","永遠の噴水","น้ำพุนิรันดร์"
"decoration.334001.description","A crystal-clear fountain meticulously crafted from premium marble.","上質な大理石で作られた、クリスタルのように透き通った永遠の噴水。","น้ำพุที่ใสสะอาด ทำจากหินอ่อนคุณภาพสูง"
"decoration.334002.name","Luxury Garden Chair","高級ガーデンチェア","เก้าอี้สุดหรู"
"decoration.334002.description","A top-tier chair crafted from exceptionally rare wood found only in the mystical forest.","魔法の森にしか生息しない、極めて希少な木材で作られた最高級な椅子。","เก้าอี้คุณภาพระดับสูงสุด ทำจากไม้หายากจากป่ามนตรา"
"decoration.314001.name","Eternal Garden View","永遠の庭の景色","วิวสวนนิรันดร์"
"decoration.314001.description","A stunning view of the eternal garden, looking as if time itself has stood still.","まるで時間そのものがピタッと止まってしまったかのような、美しい永遠の庭の景色。","วิวของสวนนิรัดร์ที่สวยราวกับเวลาถูกหยุดไว้"
"decoration.344001.name","Botanical Suitcase","ボタニカルスーツケース","กระเป๋าพฤกษา"
"decoration.344001.description","A botanical suitcase beautifully adorned with rare flora.","珍しい植物や花々で華やかに彩られた、ボタニカルなスーツケース。","กระเป๋าเดินทางที่ประดับประดาไปด้วยแมกไม้หายาก"
"decoration.324005.name","Mystical Owl","神秘的なフクロウ","นกฮูกมายา"
"decoration.324005.description","A rare owl from the mystical forest. It’s exceptionally smart.","魔法の森に住む珍しいフクロウ。信じられないほど頭が良い。","นกฮูกหายากจากป่ามนตรา มีความฉลาดเป็นอย่างมาก"
"decoration.324006.name","Glowing Mushroom","光るきのこ","เห็ดเรืองแสง"
"decoration.324006.description","A rare mushroom from the mystical forest that easily doubles as a lamp.","魔法の森の珍しいきのこ。インテリアのランプ代わりとしても十分使える。","เห็ดหายากจากป่ามนตรา ใช้แทนโคมไฟได้"
"decoration.324007.name","Glowing Flower","光る花","ดอกไม้เรืองแสง"
"decoration.324007.description","A rare flower from the mystical forest that shines way brighter than a firefly.","ホタルなんかよりもよっぽど眩しく輝く魔法の森の珍しい花。","ดอกไม้หายากจากป่ามนตรา ที่ส่องแสงสว่างกว่าหิ้งห้อย"
"decoration.324008.name","Forest Spirit","森の精霊","ภูติแห่งป่า"
"decoration.324008.description","A cryptic creature from the mystical forest. It seems to bring good luck.","魔法の森のミステリアスな生き物。どうやら幸運を運んできてくれるらしい。","สิ่งมีชีวิตลึกลับจากป่ามนตรา ดูเหมือนจะนำพาโชคดีมาให้"
"decoration.334003.name","Stump of Life","生命の切り株","ขอนไม้แห่งชีวิต"
"decoration.334003.description","An ancient tree stump that serves as the literal origin of countless lives.","数え切れないほどの多くの命が誕生する、まさに生命の起源たる切り株。","ของไม้ที่เป็นต้นกำเนิดของชีวิตมากมาย"
"decoration.334004.name","Mystical Flower","神秘的な花","ดอกไม้มายา"
"decoration.334004.description","A rare flower from the mystical forest that will never fade or wither.","魔法の森に咲く珍しい花。色褪せることも枯れることも絶対にない。","ดอกไม้หายากจากป่ามนตราที่ไม่มีวันเหี่ยวเฉา"
"decoration.314002.name","Mystical Forest View","魔法の森の景色","วิวป่ามนตรา"
"decoration.314002.description","A hidden view of the mystical forest that very few eyes have ever seen.","めったに人の目に触れることのない秘密の魔法の森の景色。","วิวของป่ามนตราที่น้อยคนนักจะได้เห็น"
"decoration.344002.name","Mystical Suitcase","魔法スーツケース","กระเป๋ามายา"
"decoration.344002.description","A mystical suitcase packed to the brim with raw forest energy.","森のありのままの自然エネルギーがこれでもかとギッシリ詰まったスーツケース。","กระเป๋าเดินทางที่อักแน่นไปด้วยพลังจากผืนป่า"
"decoration.322025.name","Elephant Doll","ゾウのぬいぐるみ","ตุ๊กตาช้าง"
"decoration.322025.description","","",""
"decoration.323017.name","Tuk-Tuk Model","トゥクトゥク模型","รถตุ๊กตุ๊ก"
"decoration.323017.description","","",""
"decoration.333009.name","Guardian Yaksha","護法夜叉","ยักษ์ผู้พิทักษ์"
"decoration.333009.description","","",""
"decoration.314003.name","Temple View","寺院の景色","วิววัด"
"decoration.314003.description","","",""
"decoration.322026.name","Postbox","郵便ポスト","ตู้ไปรษณีย์"
"decoration.322026.description","","",""
"decoration.323018.name","Torii Gate","鳥居","เสาโทริอิ"
"decoration.323018.description","","",""
"decoration.333010.name","Mt. Fuji View","富士山の景色","วิวฟูจิ"
"decoration.333010.description","","",""
"decoration.314004.name","Tokyo Tower","東京タワー","โตเกียวทาวเวอร์"
"decoration.314004.description","","",""
"decoration.322027.name","Hamburger","ハンバーガー","แฮมเบอร์เกอร์"
"decoration.322027.description","","",""
"decoration.323019.name","Yellow Cab","タクシー","แท็กซี่เหลือง"
"decoration.323019.description","","",""
"decoration.333011.name","Statue of Liberty","自由の女神","เทพีเสรีภาพ"
"decoration.333011.description","","",""
"decoration.314005.name","Liberty View","自由の女神の景色","วิวเทพีเสรีภาพ"
"decoration.314005.description","","",""
"decoration.322028.name","Luxury Perfume","高級香水","น้ำหอมสุดหรู"
"decoration.322028.description","","",""
"decoration.323020.name","Mona Lisa Painting","モナ・リザの絵","รูปโมนาลิซ่า"
"decoration.323020.description","","",""
"decoration.333012.name","Eiffel Tower","エッフェル塔","หอไอเฟล"
"decoration.333012.description","","",""
"decoration.314006.name","Eiffel View","エッフェル塔の景色","วิวหอไอเฟล"
"decoration.314006.description","","",""
"decoration.322029.name","English Tea Set","英国式ティーセット","ชุดน้ำชาสุดหรู"
"decoration.322029.description","","",""
"decoration.323021.name","Double Decker","ロンドンバス","รถบัสแดง"
"decoration.323021.description","","",""
"decoration.333013.name","Big Ben","ビッグ・ベン","บิ๊กเบน"
"decoration.333013.description","","",""
"decoration.314007.name","London View","ロンドンの景色","วิวลอนดอน"
"decoration.314007.description","","",""
"decoration.322030.name","Camel Doll","ラクダのぬいぐるみ","ตุ๊กตาอูฐ"
"decoration.322030.description","","",""
"decoration.323022.name","Mini Pyramid","ミニピラミッド","พีระมิดจิ๋ว"
"decoration.323022.description","","",""
"decoration.333014.name","Pharaoh Tomb","ファラオの棺","โลงศพฟาโรห์"
"decoration.333014.description","","",""
"decoration.314008.name","Pyramid View","ピラミッドの景色","วิวพีระมิด"
"decoration.314008.description","","",""
"decoration.401001.name","Plain Room","シンプルな部屋","ห้องทั่วไป"
"decoration.401001.description","A common room that can be found anywhere.","どこにでもあるいたって普通の部屋。","ห้องทั่วไปที่พบเจอได้ทุกที่"
"decoration.401002.name","Small Town Room","小さな町の部屋","ห้องกลางเมือง"
"decoration.401002.description","A simple, ordinary room located in a small town.","小さな町にあるシンプルで素朴な部屋。","ห้องทั่วไปในเมืองขนาดเล็ก"
"decoration.401003.name","Countryside Room","田舎の部屋","ห้องชานเมือง"
"decoration.401003.description","A peaceful room situated in the quiet countryside.","静かな田舎に佇むのどかな部屋。","ห้องทั่วไปในแถบชานเมือง"
"decoration.401004.name","The Cave","洞窟","ห้องลับถ้ำลึก"
"decoration.401004.description","Goodbye to the chaotic city life. Welcome to the underground.","都会の喧騒にサヨナラ。ようこそ地下の世界へ。","ลาก่อนความวุ่นวายในเมือง"
"decoration.401005.name","Mushroom Cottage","きのこのコテージ","กระท่อมเห็ด"
"decoration.401005.description","A cozy little cottage that brings warmth to your heart.","心がホッと温まる、小さなきのこのコテージ。","กระท่อมหลังน้อยที่แสนอบอุ่น"
"decoration.401006.name","Art Studio","アートスタジオ","สตูดิโอศิลปะ"
"decoration.401006.description","A dedicated studio space crafted for creating fine art.","素晴らしいアートを生み出すために作られた専用スタジオ。","สตูดิโอสำหรับผลิตงานศิลปะ"
"decoration.402001.name","Beachside Room","海辺の部屋","ห้องริมทะเล"
"decoration.402001.description","A coastal room where the scent of the ocean drifts in with the breeze.","潮風に乗って海の香りが漂ってくる海辺の部屋。","ห้องริมทะเลที่ได้กลิ่นทะเลลอยมากับสายลม"
"decoration.402002.name","Autumn Forest Room","紅葉の森の部屋","ห้องฤดูใบไม้ร่วง"
"decoration.402002.description","A vintage-styled room deep within the forest, offering pure tranquility.","深い森の奥に佇む静寂に包まれたヴィンテージ風の部屋。","ห้องสไตล์วินเทจในป่าลึก ให้ความรู้สึกสงบ"
"decoration.402003.name","Tea House","ティーハウス","ห้องริมไร่ชา"
"decoration.402003.description","A little house by the tea fields. The aroma here will make you crave sweets all day.","茶畑の隣にある小さな家。お茶の良い香りにつられて一日中スイーツが恋しくなる。","บ้านหลังน้อยริมไร่ชา กลิ่นชาที่นี่จะทำให้หิวขนมทั้งวัน"
"decoration.402004.name","Night City","ナイトシティ","เมืองราตรี"
"decoration.402004.description","A vibrant city skyline that never sleeps.","決して眠ることのないきらびやかな夜の街。","เมืองยามค่ำคืนที่ไม่มีวันหลับไหล"
"decoration.402005.name","Sakura Room","桜の部屋","ห้องสวนซากุระ"
"decoration.402005.description","An Eastern-style room featuring beautiful cherry blossoms in full spring bloom.","春満開の美しい桜が彩る東洋スタイルの部屋。","ห้องสไตล์ตะวันออก มีซากุระบานในฤดูใบไม้ผลิ"
"decoration.402006.name","Festival Room","フェスティバルルーム","ห้องเทศกาล"
"decoration.402006.description","A Western-style room that feels like a cozy little holiday festival.","ささやかなホリデーフェスティバルの雰囲気が漂う洋風の部屋。","ห้องสไตล์ตะวันตก ที่ดูเหมือนจะมีงานเทศกาลเล็กๆ"
"decoration.403001.name","The Mine","鉱山","เหมืองแร่"
"decoration.403001.description","Seriously, why do you have to make life so hard for yourself?","ぶっちゃけ、なんでわざわざこんな苦労するような場所にいるの？","ถามจริงๆ ทำไมต้องทำตัวให้ลำบากขนาดนี้ด้วย?"
"decoration.403002.name","Synthwave Room","シンセウェイヴルーム","ห้องเกมเมอร์"
"decoration.403002.description","A true gamer's room has to be packed with flashy, vibrant colors like this.","ゲーマーの部屋といえばやっぱりこれくらいド派手な色じゃなきゃ！","ห้องสำหรับเกมเมอร์ต้องสีสันฉูดฉาดแบบนี้แหละ"
"decoration.403003.name","Count's Castle","伯爵の城","ปราสาทท่านเคานต์"
"decoration.403003.description","An ancient castle filled with a chilling aura and a mysterious energy.","ひんやりとした空気と謎めいたエネルギーが漂う古めかしい城。","ปราสาทโบราณที่อบอวลไปด้วยไอเย็นและพลังงานบางอย่าง"
"decoration.403004.name","Deep-sea Submarine","深海潜水艦","เรือดำน้ำลึก"
"decoration.403004.description","Let's just hope the oxygen supply doesn't run out anytime soon.","酸素がすぐになくなってしまわないことを祈るばかりです。","หวังว่าออกซิเจนจะไม่หมดเร็วๆนี้นะ"
"decoration.404001.name","Eternal Garden","永遠の庭","สวนนิรันดร์"
"decoration.404001.description","A lush garden bursting with various flowers and a delightful fragrance.","色とりどりの花々が咲き誇り、心地よい香りに満ちた庭園。","สวนที่เต็มได้ด้วยดอกไม้นานาพันธุ์ส่งกลิ่นหอมอบอวล"
"decoration.404002.name","Mystical Forest","魔法の森","ป่ามนตรา"
"decoration.404002.description","A secluded, deep forest that very few people ever get to visit.","滅多に人が立ち入ることのない、深い魔法の森。","ป่าลึกลับที่น้อยคนจะได้เข้ามาเยี่ยมเยือน"
