ID,Rarity,Type,Set,Name,EN name,JP name,Description TH,Description EN,Description JP,NOTE,,,,,,
211001,Common,Head,อมยิ้ม,หมวกคอปเตอร์,Propeller Hat,プロペラハット,หมวกนี้ไม่ช่วยให้บินได้หรอกนะ,"Just so you know, this hat won't actually help you fly.",念のために言っておくけど、この帽子をかぶっても実際には飛べないよ。,S.GOLD,,,,,,
221001,Common,Body,,เสื้อเหลือง,Yellow Shirt,イエローシャツ,เสื้อสีสันสดใสสมวัย,"A bright, vibrant shirt that perfectly matches your youthful energy.",若さあふれるエネルギーにぴったりな、鮮やかでハッピーな黄色いシャツ。,S.GOLD,,,,,,
231001,Common,Hand,,อมยิ้ม,Lollipop,ペロペキャンディ,อมยิ้มรสหวานที่ทานมากแล้วน่าจะฟันผุ,A sweet lollipop that will definitely give you cavities if you eat too many.,甘くておいしいペロペロキャンディ。食べすぎると確実に虫歯になるやつ。,S.GOLD,,,,,,
241001,Common,Back,,บรรยากาศวัยเด็ก,Childhood Vibe,キッズエフェクト,ไม่อยากทำงานแล้ว อยากกลับไปเป็นเด็ก,I’m so done with working... I just want to be a kid again.,もう仕事なんてしたくない…子どもの頃に戻りたいなぁ。,S.GOLD,,,,,,
211002,Common,Head,เบสบอล,หมวกแดง,Red Cap,赤いキャップ,หมวกสีแดง กันแดดได้ดีพอประมาณ,A red cap that does a reasonably good job of blocking the sun.,日差しをそこそこいい感じに遮ってくれる赤いキャップ。,S.GOLD,,,,,,
221002,Common,Body,,เสื้อดำ,Black Shirt,ブラックシャツ,เสื้อสีดำที่ระบายเหงื่อได้ดี,A sleek black shirt designed with excellent breathability.,通気性にめちゃくちゃ優れた、スタイリッシュな黒いシャツ。,S.GOLD,,,,,,
231002,Common,Hand,,ไม้เบสบอล,Baseball Bat,野球バット,ดูเหมือนวันนี้น่าจะตีโฮมรันได้,It feels like today is the perfect day to hit a home run.,なんだか今日なら、最高のホームランが打てそうな気がする。,S.GOLD,,,,,,
241002,Common,Back,,บรรยากาศเบสบอล,Baseball Vibe,野球エフェクト,มีตั้งหลายลูก จะตีลูกไหนดี,So many baseballs... which one should I hit first?,ボールがたくさんありすぎて……どれから打てばいい？,S.GOLD,,,,,,
211003,Common,Head,ดอกไม้,กิ๊บดอกไม้,Flower Hairpin,フラワーヘアピン,แค่ติดก็รู้สึกเป็นคนอ่อนหวานแล้ว,Just putting this on instantly makes you feel like a gentle soul.,つけるだけで、一瞬にして優しい気持ちになれるヘアピン。,CRAFT,,,,,,
221003,Common,Body,,เสื้อแขนกุดชมพู,Pink Shirt,ピンクノースリーブ,เสื้อแขนกุดสีหวาน,"A sleeveless shirt in a sweet, lovely shade of pink.",柔らかくて可愛らしいピンク色のノースリーブシャツ。,CRAFT,,,,,,
231003,Common,Hand,,ดอกทานตะวัน,Sunflower,ひまわり,ดอกทานตะวันขนาดใหญ่,A massive sunflower that stands out from the rest.,周りの視線を独り占めする、圧倒的に大きなひまわり。,CRAFT,,,,,,
241003,Common,Back,,บรรยากาศดอกไม้,Floral Vibe,フローラルエフェクト,บรรยากาศที่หอมฟุ้งไปด้วยดอกไม้,A soothing atmosphere filled with the pleasant aroma of flowers.,お花の心地よい香りに包まれる、癒やしの空間。,CRAFT,,,,,,
211004,Common,Head,ฤดูร้อน,,,,น่าจะมีแล้วแต่ไม่แน่ใจ เอาหมวกซักใบมาเปลี่ยนสีก็พอ,,,S.GOLD,,,,,,
221004,Common,Body,,เสื้อกล้ามขาว,White Tank Top,ホワイトタンクトップ,เสื้อกล้ามที่เหมาะกับวันที่อากาศร้อน,"A simple white tank top, absolutely perfect for those scorching hot days.",猛暑が続くうだるような日にぴったりな、シンプルな白いタンクトップ。,S.GOLD,,,,,,
231004,Common,Hand,,ไอศกรีม,Popsicle,アイスキャンデー,ถือทำไม ถ้าไม่รีบกินมันจะละลายนะ,Why are you just holding it? Eat it before it melts!,なんでただ持ってるの？溶けちゃう前に早く食べなよ！,S.GOLD,,,,,,
241004,Common,Back,,บรรยากาศแสงตะวัน,Sunlight Vibe,サンシャインエフェクト,ดวงตะวันที่เจิดจ้าจนอยากกลับบ้านไปซักผ้า,The sun is so blindingly bright it makes me want to go home and do laundry.,太陽が眩しすぎて、今すぐ家に帰って洗濯したくなるレベル。,S.GOLD,,,,,,
211005,Common,Head,แจ่มใส,,,,น่าจะมีแล้วแต่ไม่แน่ใจ ถ้ายังไม่มีเอาแว่นกันแดดคาดหัวก็ได้,,,CRAFT,,,,EN Name,Name JP (ทับศัพท์สไตล์เกม),Description JP (แคชชวล/กวน ๆ แนะนำ)
221005,Common,Body,,เสื้อเขียว-ขาว,Green-White Shirt,グリーンホワイトシャツ,สวมใส่สบาย เหมาะกับการใส่เดินเล่น,Super comfortable and perfect for a casual stroll.,着心地抜群で、ちょっとそこまでお散歩するのにぴったり。,CRAFT,,,,Smart Glasses,インテリメガネ,かけるだけで、装着者の知性が一瞬にして30%アップ（したように見える）メガネ。
231005,Common,Hand,,แครอท,Carrot,にんじん,แครอทอวบอ้วนน่าทานที่เพิ่งขุดขึ้นมาสดๆ,"A plump, delicious-looking carrot freshly pulled straight from the dirt.",土から抜いたばかりの、丸々としてて美味しそうな採れたてにんじん。,CRAFT,,,,School Uniform,名門校の制服,誰もが憧れる、由緒正しい名門アカデミーの制服。
241005,Common,Back,,บรรยากาศหมู่เมฆ,Cloud Vibe,クラウドエフェクト,เมฆปุยขาวดูสบายตา เหมาะกับการออกไปเดินเล่น,"Fluffy white clouds that are easy on the eyes, perfect for a walk outside.",目に優しいふわふわの白い雲。外をのんびり歩くのに最高の雰囲気。,CRAFT,,,,100 Points,100点のテスト,みんなに見せびらかしたくてたまらなくなる、純粋な努力の結晶。
211006,Common,Head,เที่ยวเล่น,,,,น่าจะมีแล้วแต่ไม่แน่ใจ ถ้ายังไม่มีใส่แว่นอะไรซักอย่าง,,,S.GOLD,,,,Knowledge Vibe,ナレッジ・バイブス,純粋な知識がギュッと詰まった、インテリな雰囲気。
221006,Common,Body,,เสื้อเชิ้ตเทา,Grey Shirt,グレーシャツ,เสื้อสุภาพสำหรับงานเลี้ยงกึ่งทางการ,A smart shirt tailored for semi-formal parties.,セミフォーマルなパーティー用に仕立てられた、スマートなシャツ。,S.GOLD,,,,,,
231006,Common,Hand,,ปาร์ตี้ป๊อปเปอร์,Party Popper,パーティークラッカー,3..2..1..ปุ้ง !!,3... 2... 1... POP!!,3... 2... 1... パァンッ！！,S.GOLD,,,,,,
241006,Common,Back,,ลูกโป่งแฟนซี,Fancy Balloon,バルーンエフェクト,โปรดอย่าเข้าใกล้ของมีคม,"Seriously, keep this far away from anything sharp.",お願いだから、尖ったものからは絶対に遠ざけておいてね。,S.GOLD,,,,,,
212001,Uncommon,Head,ริมทะเล,,,,น่าจะมีแล้วแต่ไม่แน่ใจ ถ้ายังไม่มีก็ใส่หมวกฟางใบเล็กๆ,,,S.GOLD,,,,,,
222001,Uncommon,Body,,เสื้อริมทะเล,Beach Shirt,ビーチシャツ,ชุดมาตรฐานสำหรับการไปทะเล,The absolute standard outfit for any beach trip.,海へ遊びに行くならこれ！っていう、まさに王道のスタンダードスタイル。,S.GOLD,,,,,,
232001,Uncommon,Hand,,อูคูเลเล่,Ukulele,ウクレレ,อูคูเลเล่จิ๋วที่เหมาะกับการเล่นริมทะเล,A tiny ukulele that is just perfect for strumming by the shore.,浜辺でポロポロと鳴らすのにちょうどいい、小さなウクレレ。,S.GOLD,,,,,,
242001,Uncommon,Back,,บรรยากาศริมทะเล,Beach Vibe,ビーチエフェクト,กลิ่นเค็มของท้องทะเลที่ทำให้อยากกินกุ้งตัวใหญ่ๆ,The salty smell of the ocean that suddenly makes me crave giant shrimps.,潮風の香りを嗅いでいたら、急に大きなエビが食べたくなってきた。,S.GOLD,,,,,,
212002,Uncommon,Head,เด็กเรียน,แว่นคนฉลาด,Smart Glasses,インテリメガネ,แว่นตาที่ทำให้คนใส่ดูฉลาดขึ้น 30%,A pair of glasses that instantly makes the wearer look 30% smarter.,かけるだけで、装着者の知性が一瞬にして30%アップ（したように見える）メガネ。,CRAFT,,,,,,
222002,Uncommon,Body,,ชุดนักเรียน,School Uniform,名門校の制服,ชุดนักเรียนของสถาบันที่มีชื่อเสียง,A student uniform from a highly prestigious academy.,誰もが憧れる、由緒正しい名門アカデミーの制服。,CRAFT,,,,,,
232002,Uncommon,Hand,,100 คะแนน,100 Points,100点のテスト,ความภาคภูมิใจที่ต้องถือไปอวดคนอื่น,A badge of pure pride that you just have to show off to everyone.,みんなに見せびらかしたくてたまらなくなる、純粋な努力の結晶。,CRAFT,,,,,,
242002,Uncommon,Back,,บรรยากาศแห่งความรู้,Knowledge Vibe,インテリエフェクト,บรรยากาศที่ี่อบอวลไม่ก้วยความรู้,An intellectual atmosphere packed with pure knowledge.,純粋な知識がギュッと詰まった、インテリな雰囲気。,CRAFT,,,,,,
212003,Uncommon,Head,ปาร์ตี้,หมวกปาร์ตี้,Party Hat,パーティーハット,หมวกสำหรับใส่ไปร่วมงานปาร์ตี้,A festive hat meant to be worn exclusively at parties.,パーティーに参加するためだけに作られた、お祭り感満載の帽子。,S.GOLD,,,,,,
222003,Uncommon,Body,,เสื้อปาร์ตี้,Party Shirt,パーティーシャツ,เสื้อสีฉูดฉาดโดดเด่นท่ามกลางหมู่คน,"A flashy, colorful shirt that makes you stand out in any crowd.",どんな人混みの中でも一瞬で主役になれる、超ド派手でカラフルなシャツ。,S.GOLD,,,,,,
232003,Uncommon,Hand,,ไก่เสียงดัง,Rubber Chicken,シャウティングチキン,แค่บีบก็มีเสียงดัง ดึงดูดความสนใจจากรอบข้างได้ดี,Give it a squeeze and its loud squeak will easily grab everyone's attention.,ギュッと握れば大音量で叫ぶ。周りの注目を強引に集めたい時にどうぞ。,S.GOLD,,,,,,
242003,Uncommon,Back,,บรรยากาศงานปาร์ตี้,Party Vibe,パーティーエフェクト,สนุกสุดๆไปเลย วู้ววว!!,"Let's have some epic fun, woohoo!!",最高に楽しんでいこうぜ、ヒャッッッホーウ！！,S.GOLD,,,,,,
212004,Uncommon,Head,นักบอล,,,,น่าจะมีแล้วแต่ไม่แน่ใจ เอาผ้าคาดหัวจากชุดโอตาคุมาใส่ได้,,,CRAFT,,,,,,
222004,Uncommon,Body,,เสื้อบอล,Football Jersey,サッカーユニフォーム,เสื้อบอลของแท้ ใส่เตะบอลก็ดีใส่นอนก็แจ่ม,"An authentic football jersey. Great for playing a match, even better for sleeping in.",本物のレプリカユニフォーム。試合で着るのもいいけど、パジャマ代わりにするのはもっと最高。,CRAFT,,,,,,
232004,Uncommon,Hand,,ลูกฟุตบอล,Football,サッカーボール,ลูกฟุตบอลธรรมดา ไม่มีไฟพุ่งออกมาตอนเตะหรอกนะ,Just a regular football. Don't expect any fiery special effects when you kick it.,ごく普通のサッカーボール。蹴ったからって、別に炎のエフェクトが出たりはしないよ。,CRAFT,,,,,,
242004,Uncommon,Back,,ยอดกองหน้า,Striker Vibe,ゴールエフェクト,โกล โกล โกลลลลลล!!,GOAL GOAL GOALLLLLL!!,ゴール、ゴール、ゴーーーーーーーール！！,CRAFT,,,,,,
212005,Uncommon,Head,ฤดูหนาว,,,,น่าจะมีแล้วแต่ไม่แน่ใจ ถ้ายังไม่มีเอาหมวกไหมพรมใบเล็กๆวางบนหัว,,,S.GOLD,,,,,,
222005,Uncommon,Body,,ชุดหน้าหนาว,Winter Coat,ウィンターコート,ชุดสำหรับหน้าหนาว อุ่นกายอุ่นใจ,A cozy outfit for the winter season that warms both your body and soul.,体だけじゃなく、心までじんわり温めてくれる冬用のあったかコーデ。,S.GOLD,,,,,,
232005,Uncommon,Hand,,ปลาย่าง,Grilled Fish,焼き魚,ปลาย่างร้อนๆและหอมกรุ่น,"Freshly grilled fish, piping hot and bursting with aroma.",焼きたてホカホカで、香ばしい匂いがたまらないジューシーな焼き魚。,S.GOLD,,,,,,
242005,Uncommon,Back,,บรรยากาศเยือกเย็น,Chilly Vibe,ウィンターエフェクト,อากาศแบบนี้อยากได้ความอบอุ่นจากใครซักคนจัง,"In chilly weather like this, I really wish I had someone to keep me warm.",こんなに肌寒い日は、誰かのぬくもりで温めてほしくなっちゃうよね。,S.GOLD,,,,,,
212006,Uncommon,Head,ฮัมเพลง,หูฟัง,Headphones,ヘッドホン,"NO MUSIC, NO LIFE","NO MUSIC, NO LIFE","NO MUSIC, NO LIFE",S.GOLD,,,,,,
222006,Uncommon,Body,,ชุดผ่อนคลาย,Relaxing Outfit,リラックスウェア,ชุดใส่สบายๆ สำหรับไปนั่งพักผ่อนในสวน,A comfy outfit made for just lounging around in the garden.,お庭でのんびり日向ぼっこしながら、ただダラダラ過ごすために作られた服。,S.GOLD,,,,,,
232006,Uncommon,Hand,,,,,น่าจะมีแล้วแต่ไม่แน่ใจ ถ้ายังไม่มีถือไมค์หรือเครื่องเล่น CD ก็ได้,,,S.GOLD,,,,,,
242006,Uncommon,Back,,บรรยากาศเสียงเพลง,Music Vibe,ミュージックエフェクト,เสียงเพลงเบาๆ ที่ทำให้ความเครียดหายไป,"Soft, gentle music that melts all your stress away.",日々のストレスを全部きれいに溶かしてくれるような、心地よい静かなBGM。,S.GOLD,,,,,,
213001,Rare,Head,ขุนนาง,หมวกขุนนาง,Noble Hat,ノーブルハット,หมวกหรูหราของชนชั้นสูง,A luxurious hat strictly reserved for high society.,いわゆる「上流階級」の人たちだけが着用を許される、超豪華な帽子。,S.GEM,,,,,,
223001,Rare,Body,,ชุดขุนนาง,Noble Outfit,ノーブルドレス,ชุดหรูหราของชนชั้นสูง,An elegant outfit tailored for the upper class.,セレブや貴族たちのために、贅を尽くして仕立てられたエレガントな衣装。,S.GEM,,,,,,
233001,Rare,Hand,,ไม้เท้าขุนนาง,Noble Scepte,ノーブル・セプター,ไม้เท้าเกรดพรีเมียมของชนชั้นสูง,A premium scepter handcrafted for elite nobility.,熟練の職人がエリート貴族のためだけに作り上げた、最高級の王笏,S.GEM,,,,,,
243001,Rare,Back,,รัศมีเลิศล้ำ,Noble Aura,ノーブルエフェクト,ออร่าแสงวิบวับเป็นประกายพบได้ในหมู่ชนชั้นสูง,"A dazzling, glittering aura commonly found among the aristocracy.",特権階級の者たちだけが放つことができる、キラキラと輝く眩しいオーラ。,S.GEM,,,,,,
213002,Rare,Head,สาวใช้,หมวกสาวใช้,Maid Headband,メイドカチューシャ,หมวกของสาวใช้ที่ขยันขันแข็ง,A headband belonging to a hardworking and dedicated maid.,毎日一生懸命で、働き者なメイドさんが頭につけているカチューシャ。,S.GEM,,,,,,
223002,Rare,Body,,ชุดสาวใช้,Maid Outfit,メイド服,ชุดของสาวใช้ที่ขยันขันแข็ง,A uniform worn by a diligent and energetic maid.,いつもキビキビと真面目に働くメイドさんの、清楚なユニフォーム。,S.GEM,,,,,,
233002,Rare,Hand,,ไม้ขนไก่,Feather Duster,はたき,ทำให้บ้านสะอาดได้ แต่ทำให้จิตใจสะอาดไม่ได้,"It can clean your house, but it definitely can't clean your soul.",お家の中をきれいに掃除することはできても、汚れた心をきれいにすることはできないよ。,S.GEM,,,,,,
243002,Rare,Back,,,,,น่าจะมีแล้วแต่ไม่แน่ใจ,,,S.GEM,,,,,,
213003,Rare,Head,ชาวร็อก,ผมชาวร็อก,Rockstar Hair,ロックスターヘア,ทรงผมสุดเท่ เต็มไปด้วยจิตวิญญาณชาวร็อก!!,A killer hairstyle packed with the ultimate rock 'n' roll spirit!!,魂の奥底に眠る「ロックンロール・スピリット」を全開にした激マブな髪型！！,CRAFT,,,,,,
223003,Rare,Body,,ชุดชาวร็อก,Rockstar Outfit,ロックスターウェア,เสื้อสุดเท่ เต็มไปด้วยจิตวิญญาณชาวร็อก!!,A badass outfit overflowing with pure rockstar energy!!,ロックスターの凄まじい熱量とエネルギーがドバドバあふれ出ている、最高にクールな服！！,CRAFT,,,   ปรับทรงกีตาร์เป็นทรง flying v หน่อย,,,
233003,Rare,Hand,,กีตาร์ไฟฟ้า,Electric Guitar,エレキギター,กีตาร์ตัวโปรดของศิลปินชื่อดัง,The absolute favorite electric guitar of a legendary artist.,伝説的な超有名アーティストが、ステージでこよなく愛用しているお気に入りのギター。,CRAFT,,,,,,
243003,Rare,Back,,บรรยากาศชาวร็อก,Rockstar Vibe,ロックスターエフェクト,นี่คือความร้อนแรงของเพลงร็อกยังไงล่ะ!!,Behold the blazing passion of rock music!!,これぞロックの、燃え上がるような熱いパッションそのものだぜ！！,CRAFT,,,,,,
213004,Rare,Head,นักเวทย์,หมวกนักเวทย์,Wizard Hat,魔法使いの帽子,หมวกของผู้ใช้เวทย์มนต์ +10 Max MP,A hat for magic users. Grants +10 Max MP.,魔法使いの帽子。最大MP +10。,CRAFT,,,,,,
223004,Rare,Body,,ชุดคลุมนักเวทย์,Wizard Robe,魔法使いのローブ,ชุดคลุมของผู้ใช้เวทย์มนต์ + Int 3,A robe for magic users. Grants +3 Int.,魔法使いのローブ。知力 +3。,CRAFT,,,,,,
233004,Rare,Hand,,ไม้เท้าเวทมนตร์,Magic Staff,魔法の杖,เพียงแค่กดปุ่มที่ซ่อนไว้ก็จะมีแสงไฟออกมา,Just press the hidden button and watch it light up!,隠されたボタンをポチッと押すだけで、ピカッと光るよ。,CRAFT,,,,,,
243004,Rare,Back,,หมอกพลังเวทย์,Mana Aura,マナエフェクト,มานาที่หนาแน่นจนมองเห็นได้ด้วยตา,An aura of mana so dense that you can actually see it with the naked eye.,肉眼でもはっきりと見えるほど、濃密に凝縮されたマナのオーラ。,CRAFT,,,,,,
213005,Rare,Head,จิตกร,หมวกจิตกร,Artist Beret,アーティストベレー,หมวกของว่าที่จิตกรผู้ยิ่งใหญ่,A beret worn by a great artist in the making.,未来の大画家の卵が愛用しているベレー帽。,S.GOLD,,,ช่วยทำเสื้อเลอะๆสีนิดนึง,,,
223005,Rare,Body,,ชุดจิตกร,Artist Outfit,アーティストウェア,เสื้อสำหรับใส่ทำงานศิลปะ,A practical outfit designed specifically for creating art.,アートな創作活動に没頭するために作られた、機能的な作業服。,S.GOLD,,,,,,
233005,Rare,Hand,,จานสี,Palette,パレット,จานสีที่ถูกใช้งานอย่างหนัก,A color palette that has clearly seen some heavy-duty usage.,これまで数々の名作（？）を生み出し、使い込まれてきたパレット。,S.GOLD,,,,,,
243005,Rare,Back,,พู่กันยักษ์,Giant Brush,ジャイアントブラシ,พู่กันขนาดนี้แล้วจานสีจะขนาดไหน,"If the brush is this massive, just imagine how huge the palette must be.",筆がこれだけ巨大なんだから、一体パレットはどれほど大きいのやら。,S.GOLD,,,,,,
213006,Rare,Head,ตำรวจ,ชุดตำรวจ,Police Cap,ポリスキャップ,หมวกของเจ้าหน้าที่ตำรวจ,An official cap belonging to a police officer.,警察官が身につける、本物のオフィシャルキャップ。,S.GOLD,,,,,,
223006,Rare,Body,,ชุดตำรวจ,Police Uniform,ポリスユニフォーム,เครื่องแบบของเจ้าหน้าที่ตำรวจ,A standard-issue uniform for a police officer.,法の番人たちが着用する、おなじみの警察官の制服。,S.GOLD,,,,,,
233006,Rare,Hand,,โทรโข่ง,Megaphone,メガホン,ใช้ขยายเสียงเฉยๆ ใช้โจมตีด้วยเสียงไม่ได้,Just for amplifying your voice. It doesn't actually deal any sonic damage.,ただ声を大きくするためだけのもの。音波攻撃でダメージを与えたりはできないよ。,S.GOLD,,,,,,
243006,Rare,Back,,ป้ายหยุด,Stop Sign,ストップサインエフェクト,ถ้าไม่หยุดจะตีด้วยป้ายแล้วนะ,"If you don't stop right now, I'm going to whack you with this sign!",今すぐ止まらないと、この標識でポカポカ叩いちゃうぞ！,S.GOLD,,,,,,
214001,Ultra Rare,Head,"สาวน้อย
เวทย์มนต์",ผมสาวน้อยเวทย์มนต์,Magical Girl Hair,マジカルピンクヘア,ทรงผมสีชมพูน่ารักสดใส,A vibrant and lovely pink hairstyle that screams magical protagonist.,「これぞ魔法少女の主人公！」って感じの、鮮やかで可愛いピンクの髪型。,CRAFT,,,,,,
224001,Ultra Rare,Body,,ชุดสาวน้อยเวทย์มนต์,Magical Girl Dress,マジカルドレス,ชุดที่ได้จากการแปลงร่างเป็นสาวน้อยเวทย์มนต์,A dazzling dress acquired exclusively after your magical girl transformation.,魔法少女に変身した者だけがまとうことを許される、きらびやかなドレス。,CRAFT,,,,,,
234001,Ultra Rare,Hand,,ไม้คฑาเวทย์มนต์,Magical Wand,マジカルステッキ,ไม้คฑาสำหรับแปลงร่างเป็นสาวน้อยเวทย์มนต์,A mystical wand essential for transforming into a magical girl.,華麗に魔法少女へと変身するために欠かせない、神秘的なステッキ。,CRAFT,,,,,,
244001,Ultra Rare,Back,,ปีกสาวน้อยเวทย์มนต์,Magical Girl Wing,マジカルウィングエフェクト,ถ้าบินไม่ได้ก็ไม่ใช่สาวน้อยเวทย์มนต์สิ,"If you can't even fly, can you really call yourself a magical girl?",空すら飛べないなんて、そんなの魔法少女って呼べないでしょ？,CRAFT,,,,,,
214002,Ultra Rare,Head,นักบิน,หมวกนักบิน,Pilot Hat,パイロットハット,หมวกของนักบินผู้มากประสบการณ์,A hat worn by a highly experienced pilot who has seen it all.,数々の修羅場をくぐり抜けてきた、経験豊富なベテラン操縦士の帽子。,S.GEM,,,,,,
224002,Ultra Rare,Body,,ชุดนักบิน,Pilot Uniform,パイロットユニフォーム,ชุดของนักบินผู้มากประสบการณ์,A professional uniform tailored for a seasoned airline pilot.,ベテランパイロットのために仕立てられた、ビシッと決まるプロの制服。,S.GEM,,,,,,
234002,Ultra Rare,Hand,,วิทยุสื่อสาร,Walkie-Talkie,トランシーバー,"""ขณะนี้ทัศนวิสัยดี...เปลี่ยน""","""Visibility is clear at the moment... Over.""",「現在、視界良好。……どうぞ」,S.GEM,,,,,,
244002,Ultra Rare,Back,,บินผาดโผน,Acrobatic Vibe,アクロバットエフェクト,เทคนิคลับที่ไม่ได้มีไว้โชว์เท่านั้น,Top-tier acrobatics techniques that are definitely more than just for show.,ただの見せびらかしなんかじゃない、ホンモノの極上アクロバット技術。,S.GEM,,,,,,
214003,Ultra Rare,Head,โจรสลัด,หมวกโจรสลัด,Pirate Hat,パイレーツハット,หมวกของโจรสลัดผู้ยิ่งใหญ่,A signature hat belonging to a legendary pirate captain.,伝説の海賊船長が身につけている、トレードマークの帽子。,S.GEM,,,,,,
224003,Ultra Rare,Body,,ชุดโจรสลัด,Pirate Outfit,パイレーツウェア,ชุดของโจรสลัดผู้ยิ่งใหญ่,A rugged yet grand outfit fit for a great pirate lord.,大海賊のボスにふさわしい、ワイルドでいてどこか風格のある衣装。,S.GEM,,,,,,
234003,Ultra Rare,Hand,,กล้องส่องทางไกล,Spyglass,単眼鏡,กล้องส่องทางไกลที่ใช้เป็นอาวุธได้ในบางโอกาส,A vintage spyglass that can double as a blunt weapon in a pinch.,いざという時には、鈍器としても代用できそうなヴィンテージ物の望遠鏡。,S.GEM,,,,,,
244003,Ultra Rare,Back,,บรรยากาศแห่งสมบัติ,Treasure Vibe,財宝エフェクト,สมบัติน่ะมีอยู่จริง!!,The treasure is real!!,宝は本当に実在するんだ！！,S.GEM,,,,,,
214004,Ultra Rare,Head,โลกนิทาน,ที่คาดผมโลกนิทาน,Fairytale Headband,メルヘンカチューシャ,ที่คาดผมที่เหมือนหลุดออกมาจากนิทาน,A whimsical headband that looks like it came straight out of a storybook.,まるで絵本の世界からそのまま飛び出してきたかのような、可愛いカチューシャ。,S.GEM,,,,,,
224004,Ultra Rare,Body,,ชุดโลกนิทาน,Fairytale Dress,メルヘンドレス,ชุดเดรสที่เหมือนหลุดออกมาจากนิทาน,An elegant dress that looks like it was plucked right from a fairytale.,おとぎ話の主人公が着ているような、ファンタジー感あふれるお上品なドレス。,S.GEM,,,,,,
234004,Ultra Rare,Hand,,แก้วชาโลกนิทาน,Fairytale Teacup,メルヘンティーカップ,พักดื่มชาเสริมสร้างจินตนาการซักหน่อย,Let's take a quick tea break to fuel our wildest imaginations.,ちょっとお茶でも飲んで一息ついて、自由なイマジネーションを膨らませよう。,S.GEM,,,,,,
244004,Ultra Rare,Back,,บรรยากาศโลกนิทาน,Fairytale Vibe,フェアリーテイルエフェクト,ความหอมฟุ้งของโลกในจินตนาการ,A dreamy atmosphere filled with the sweet fragrance of a fantasy world.,誰もが一度は夢見た、空想の世界の心地よい甘い香り。,S.GEM,,,,,,
222007,Uncommon,Body,"Bangkok
ชุดลำลองลายช้าง",เสื้อลายช้าง,,,,,,DROP,,,,,,
232007,Uncommon,Hand,,ทุเรียน,,,,,,DROP,,,,,,
213007,Rare,Head,"Bangkok
ชุดไทยซักอย่าง",,,,ยังนึกไม่ออกเลยแฮะ,,,DROP,,,,,,
233007,Rare,Hand,,,,,,,,DROP,,,,,,
224005,Ultra Rare,Body,,,,,,,,DROP,,,,,,
244005,Ultra Rare,Back,,,,,,,,DROP,,,,,,
222008,Uncommon,Body,"Tokyo
ชุดลำลองโอตาคุ",เสื้อโอตาคุ,,,เสื้อยอดฮิตจากแบรนด์ Unigo,,,DROP,,,เหลือแค่เสื้อแล้วเลยไม่มีแว่นนะ กระเป๋าก็ไม่น่ามี,,,
232008,Uncommon,Hand,,แท่งไฟ,,,Tiger Fire Cyber Fiber Diver Viber Jya Jya!,,,DROP,,,แว่นสามารถย้ายไปใส่ให้ชุดอื่นๆที่ยังไม่มีส่วนหัวได้นะ,,,
213008,Rare,Head,"Tokyo
เทศกาล",หน้ากากจิ้งจอก,,,,,,DROP,,,,,,
233008,Rare,Hand,,ชุดยูกาตะ,,,,,,DROP,,,,,,
224006,Ultra Rare,Body,,แอปเปิ้ลเคลือบน้ำตาล,,,,,,DROP,,,,,,
244006,Ultra Rare,Back,,บรรยากาศเทศกาล,,,,,,DROP,,,,,,
222009,Uncommon,Body,"New York
ชุดลำลอง NY",เสื้อ NY,,,,,,DROP,,,,,,
232009,Uncommon,Hand,,แฮมเบอเกอร์,,,,,,DROP,,,,,,
213009,Rare,Head,New York,,,,ใส่หมวกน่าจะยากหาอะไรวางบนหัวหน่อยละกัน,,,DROP,,,,,,
233009,Rare,Hand,,ชุดอวกาศ,,,,,,DROP,,,,,,
224007,Ultra Rare,Body,,จรวดสู่ดวงจันทร์,,,,,,DROP,,,,,,
244007,Ultra Rare,Back,,บรรยากาศดวงดาว,,,,,,DROP,,,,,,
222010,Uncommon,Body,"Paris
ชุดลำลองลายทาง",เสื้อลายทาง,,,,,,DROP,,,,,,
232010,Uncommon,Hand,,ขนมปังบาแก็ต,,,,,,DROP,,,,,,
213010,Rare,Head,"Paris
ชุดปาติซิเย่",หมวกปาติซิเย่,,,,,,DROP,,,,,,
233010,Rare,Hand,,ชุดปาติซิเย่,,,,,,DROP,,,,,,
224008,Ultra Rare,Body,,อุปกรณ์ทำขนม,,,,,,DROP,,,ช่วยปรับให้เสื้อมีลายเพิ่มขึ้นหน่อยนะ,,,
244008,Ultra Rare,Back,,บรรยากาศขนมหวาน,,,,,,DROP,,,,,,
222011,Uncommon,Body,"London
ชุดลำลองเสื้อวง",เสื้อวงดนตรี,,,,,,DROP,,,,,,
232011,Uncommon,Hand,,ร่ม,,,,,,DROP,,,,,,
213011,Rare,Head,"London
Royal Guard",หมวกทหารหลวง,,,,,,DROP,,,,,,
233011,Rare,Hand,,ชุดทหารหลวง,,,,,,DROP,,,,,,
224009,Ultra Rare,Body,,ปืนยาว,,,,,,DROP,,,,,,
244009,Ultra Rare,Back,,,,,ยังนึกไม่ออก,,,DROP,,,,,,
222012,Uncommon,Body,"Cairo
ชุดลำลอง",,,,เสื้อลายดวงตา horus ก็ได้,,,DROP,,,,,,
232012,Uncommon,Hand,,กุญแจแห่งชีวิต,,,,,,DROP,,,,,,
213012,Rare,Head,"Cairo
ฟาโรห์",หน้ากากฟาโรห์,,,,,,DROP,,,,,,
233012,Rare,Hand,,ชุดฟาโรห์,,,,,,DROP,,,,,,
224010,Ultra Rare,Body,,ไม้เท้าฟาโรห์,,,,,,DROP,,,,,,
244010,Ultra Rare,Back,,บรรยากาศโบราณ,,,,,,DROP,,,,,,