Set,Rarity,Source,Coin,Gem,Note
Fashion_C_Lollipop,Common,Shop,800,0,อมยิ้ม S.GOLD
Fashion_C_Baseball,Common,Shop,800,0,เบสบอล S.GOLD
Fashion_C_Summer,Common,Shop,800,0,ฤดูร้อน S.GOLD
Fashion_C_LeisureDays,Common,Shop,800,0,เที่ยวเล่น S.GOLD
Fashion_C_Floral,Common,Craft,0,0,ดอกไม้ CRAFT
Fashion_C_CloudVibe,Common,Craft,0,0,แจ่มใส CRAFT
Fashion_SR_Pilot,SuperRare,Shop,0,500,นักบิน S.GEM
Fashion_SR_Pirate,SuperRare,Shop,0,500,โจรสลัด S.GEM
Fashion_SR_Fairytale,SuperRare,Shop,0,500,โลกนิทาน S.GEM
Fashion_SR_MagicalGirl,SuperRare,Craft,0,0,เด็กเรียน CRAFT
Fashion_UC_Bangkok,Uncommon,Drop,0,0,ของดรอปรายเมือง
Fashion_UC_Tokyo,Uncommon,Drop,0,0,ของดรอปรายเมือง
Fashion_UC_NewYork,Uncommon,Drop,0,0,ของดรอปรายเมือง
Fashion_UC_Paris,Uncommon,Drop,0,0,ของดรอปรายเมือง
Fashion_UC_London,Uncommon,Drop,0,0,ของดรอปรายเมือง
Fashion_UC_Cairo,Uncommon,Drop,0,0,ของดรอปรายเมือง
Fashion_R_Bangkok,Rare,Drop,0,0,ของดรอปรายเมือง
Fashion_R_Tokyo,Rare,Drop,0,0,ของดรอปรายเมือง
Fashion_R_NewYork,Rare,Drop,0,0,ของดรอปรายเมือง
Fashion_R_Paris,Rare,Drop,0,0,ของดรอปรายเมือง
Fashion_R_London,Rare,Drop,0,0,ของดรอปรายเมือง
Fashion_R_Cairo,Rare,Drop,0,0,ของดรอปรายเมือง
,,,,,
# ---------- วิธีใช้ ----------
# แก้ตารางด้านบนแล้วบอก multivac  ระบบจะดึงลงมาแล้วรันเมนู QuizGame/Setup/Create Outfit Shop Products
# บรรทัดที่ขึ้นต้นด้วย # เป็นหมายเหตุ ระบบข้ามให้ ลบทิ้งได้ถ้าเกะกะ
#
# Source  Shop  = วางขายในร้าน ต้องมีราคามากกว่า 0 อย่างน้อยหนึ่งสกุล
#         Craft = ได้จากการคราฟต์ ไม่วางขาย
#         Drop  = ได้จาก Lucky Draw ไม่วางขาย
#         ย้ายชุดเป็น Craft หรือ Drop แล้วของจะหายจากร้านทันทีที่รันเมนู
#
# Coin / Gem  ราคาต่อ 1 ชิ้น ไม่ใช่ทั้งชุด  (ชุดหนึ่งมี 4 ชิ้น Head Body Hand Back)
#             ใส่ 0 = ไม่ขายในสกุลนั้น
#
# ---------- ที่มาของตัวเลข ----------
# ตัวเลขที่กรอกไว้เป็นค่าตั้งต้นที่ฝั่ง dev เสนอ ยังไม่ผ่าน Game Designer
# เอกสาร item นิยาม coin_cost กับ gem_cost ไว้แล้ว แต่ยังไม่มีค่าจริงสักชิ้น
#
# ยึดจากรายได้จริง  ทองเฉลี่ยวันละ 3200 (DOC 02 แท็บ etc) single ~1200 multi ~1600
# และคุมให้อยู่ในช่วงที่เกมตั้งราคาไว้แล้ว  coin 100-4000  gem 30-700
#
#   Common    800 x 4 ชิ้น = 3200     ชุดเต็มเท่าทองหนึ่งวันพอดี
#   Uncommon  1600 หรือ 120 gem       ยังไม่มีชุดไหนใช้ ทั้ง 12 ชุดเป็นของดรอป
#   Rare      250 gem                 เท่ากับ CarryOn3_Gem ที่มีอยู่แล้ว
#   SuperRare 500 x 4 = 2000 gem      แพงสุดในร้าน ยังต่ำกว่าเพดาน gem เดิมที่ 700 ต่อชิ้น
#
# ---------- คอลัมน์ Source มาจากไหน ----------
# ดึงมาจาก NOTE ในเอกสาร item (15_KKnDD แท็บ OUTFIT) ที่ระบุ S.GOLD / S.GEM / CRAFT / DROP
# ไม่ได้เดา  ถ้าเอกสารเปลี่ยนก็แก้คอลัมน์นี้ตามได้เลย
