,Rarity,Name,EN name,JP name,Description TH,Description EN,Description JP,NOTE
401001,Common,ห้องทั่วไป,Plain Room,シンプルな部屋,ห้องทั่วไปที่พบเจอได้ทุกที่,A common room that can be found anywhere.,どこにでもあるいたって普通の部屋。,STARTER
401002,Common,ห้องกลางเมือง,Small Town Room,小さな町の部屋,ห้องทั่วไปในเมืองขนาดเล็ก,"A simple, ordinary room located in a small town.",小さな町にあるシンプルで素朴な部屋。,S.GOLD
401003,Common,ห้องชานเมือง,Countryside Room,田舎の部屋,ห้องทั่วไปในแถบชานเมือง,A peaceful room situated in the quiet countryside.,静かな田舎に佇むのどかな部屋。,S.GOLD
401004,Common,ห้องลับถ้ำลึก,The Cave,洞窟,ลาก่อนความวุ่นวายในเมือง,Goodbye to the chaotic city life. Welcome to the underground.,都会の喧騒にサヨナラ。ようこそ地下の世界へ。,CRAFT
401005,Common,กระท่อมเห็ด,Mushroom Cottage,きのこのコテージ,กระท่อมหลังน้อยที่แสนอบอุ่น,A cozy little cottage that brings warmth to your heart.,心がホッと温まる、小さなきのこのコテージ。,S.GOLD
401006,Common,สตูดิโอศิลปะ,Art Studio,アートスタジオ,สตูดิโอสำหรับผลิตงานศิลปะ,A dedicated studio space crafted for creating fine art.,素晴らしいアートを生み出すために作られた専用スタジオ。,CRAFT
402001,Uncommon,ห้องริมทะเล,Beachside Room,海辺の部屋,ห้องริมทะเลที่ได้กลิ่นทะเลลอยมากับสายลม,A coastal room where the scent of the ocean drifts in with the breeze.,潮風に乗って海の香りが漂ってくる海辺の部屋。,S.GOLD
402002,Uncommon,ห้องฤดูใบไม้ร่วง,Autumn Forest Room,紅葉の森の部屋,ห้องสไตล์วินเทจในป่าลึก ให้ความรู้สึกสงบ,"A vintage-styled room deep within the forest, offering pure tranquility.",深い森の奥に佇む静寂に包まれたヴィンテージ風の部屋。,S.GOLD
402003,Uncommon,ห้องริมไร่ชา,Tea House,ティーハウス,บ้านหลังน้อยริมไร่ชา กลิ่นชาที่นี่จะทำให้หิวขนมทั้งวัน,A little house by the tea fields. The aroma here will make you crave sweets all day.,茶畑の隣にある小さな家。お茶の良い香りにつられて一日中スイーツが恋しくなる。,S.GOLD
402004,Uncommon,เมืองราตรี,Night City,ナイトシティ,เมืองยามค่ำคืนที่ไม่มีวันหลับไหล,A vibrant city skyline that never sleeps.,決して眠ることのないきらびやかな夜の街。,S.GOLD
402005,Uncommon,ห้องสวนซากุระ,Sakura Room,桜の部屋,ห้องสไตล์ตะวันออก มีซากุระบานในฤดูใบไม้ผลิ,An Eastern-style room featuring beautiful cherry blossoms in full spring bloom.,春満開の美しい桜が彩る東洋スタイルの部屋。,CRAFT
402006,Uncommon,ห้องเทศกาล,Festival Room,フェスティバルルーム,ห้องสไตล์ตะวันตก ที่ดูเหมือนจะมีงานเทศกาลเล็กๆ,A Western-style room that feels like a cozy little holiday festival.,ささやかなホリデーフェスティバルの雰囲気が漂う洋風の部屋。,CRAFT
403001,Rare,เหมืองแร่,The Mine,鉱山,ถามจริงๆ ทำไมต้องทำตัวให้ลำบากขนาดนี้ด้วย?,"Seriously, why do you have to make life so hard for yourself?",ぶっちゃけ、なんでわざわざこんな苦労するような場所にいるの？,S.GOLD
403002,Rare,ห้องเกมเมอร์,Synthwave Room,シンセウェイヴルーム,ห้องสำหรับเกมเมอร์ต้องสีสันฉูดฉาดแบบนี้แหละ,"A true gamer's room has to be packed with flashy, vibrant colors like this.",ゲーマーの部屋といえばやっぱりこれくらいド派手な色じゃなきゃ！,S.GEM
403003,Rare,ปราสาทท่านเคานต์,Count's Castle,伯爵の城,ปราสาทโบราณที่อบอวลไปด้วยไอเย็นและพลังงานบางอย่าง,An ancient castle filled with a chilling aura and a mysterious energy.,ひんやりとした空気と謎めいたエネルギーが漂う古めかしい城。,S.GEM
403004,Rare,เรือดำน้ำลึก,Deep-sea Submarine,深海潜水艦,หวังว่าออกซิเจนจะไม่หมดเร็วๆนี้นะ,Let's just hope the oxygen supply doesn't run out anytime soon.,酸素がすぐになくなってしまわないことを祈るばかりです。,CRAFT
404001,Ultra Rare,สวนนิรันดร์,Eternal Garden,永遠の庭,สวนที่เต็มได้ด้วยดอกไม้นานาพันธุ์ส่งกลิ่นหอมอบอวล,A lush garden bursting with various flowers and a delightful fragrance.,色とりどりの花々が咲き誇り、心地よい香りに満ちた庭園。,CRAFT
404002,Ultra Rare,ป่ามนตรา,Mystical Forest,魔法の森,ป่าลึกลับที่น้อยคนจะได้เข้ามาเยี่ยมเยือน,"A secluded, deep forest that very few people ever get to visit.",滅多に人が立ち入ることのない、深い魔法の森。,S.GEM